,Title,Price,Release Date,Game Rating,Users Reviewed,Steam Link,Platforms Supported
0,Counter-Strike: Global Offensive,Free to Play,"21 Aug, 2012",88%,"5,929,428",https://store.steampowered.com/app/730/CounterStrike_Global_Offensive/?snr=1_7_7_230_150_1,"win,mac,linux"
1,New World,"‚Çπ 1,499","28 Sep, 2021",70%,"98,136",https://store.steampowered.com/app/1063730/New_World/?snr=1_7_7_230_150_1,win
2,NARAKA: BLADEPOINT,"‚Çπ 1,199","11 Aug, 2021",80%,"46,823",https://store.steampowered.com/app/1203220/NARAKA_BLADEPOINT/?snr=1_7_7_230_150_1,win
3,FIFA 22,"‚Çπ 2,999","30 Sep, 2021",82%,"3,850",https://store.steampowered.com/app/1506830/FIFA_22/?snr=1_7_7_230_150_1,win
4,Destiny 2,Free To Play,"1 Oct, 2019",84%,"409,116",https://store.steampowered.com/app/1085660/Destiny_2/?snr=1_7_7_230_150_1,win
5,Dota 2,Free to Play,"9 Jul, 2013",83%,"1,577,290",https://store.steampowered.com/app/570/Dota_2/?snr=1_7_7_230_150_1,"win,mac,linux"
6,Apex Legends‚Ñ¢,Free to Play,"4 Nov, 2020",87%,"320,849",https://store.steampowered.com/app/1172470/Apex_Legends/?snr=1_7_7_230_150_1,win
7,PUBG: BATTLEGROUNDS,‚Çπ 999,"21 Dec, 2017",53%,"1,519,261",https://store.steampowered.com/app/578080/PUBG_BATTLEGROUNDS/?snr=1_7_7_230_150_1,win
8,Dead by Daylight,‚Çπ 649,"14 Jun, 2016",82%,"379,901",https://store.steampowered.com/app/381210/Dead_by_Daylight/?snr=1_7_7_230_150_1,win
9,Warframe,Free to Play,"25 Mar, 2013",91%,"447,171",https://store.steampowered.com/app/230410/Warframe/?snr=1_7_7_230_150_1,win
10,The Sims‚Ñ¢ 4,    ‚Çπ 624,"18 Jun, 2020",90%,"28,225",https://store.steampowered.com/app/1222670/The_Sims_4/?snr=1_7_7_230_150_1,win
11,Team Fortress 2,Free to Play,"10 Oct, 2007",93%,"815,307",https://store.steampowered.com/app/440/Team_Fortress_2/?snr=1_7_7_230_150_1,"win,mac,linux"
12,Battlefield V,    ‚Çπ 259,"22 Oct, 2020",69%,"57,349",https://store.steampowered.com/app/1238810/Battlefield_V/?snr=1_7_7_230_150_1,win
13,FINAL FANTASY XIV Online,‚Çπ 719,"18 Feb, 2014",88%,"41,059",https://store.steampowered.com/app/39210/FINAL_FANTASY_XIV_Online/?snr=1_7_7_230_150_1,win
14,The Elder Scrolls¬Æ Online,    ‚Çπ 639,"22 May, 2017",83%,"88,256",https://store.steampowered.com/app/306130/The_Elder_Scrolls_Online/?snr=1_7_7_230_150_1,"win,mac"
15,Grand Theft Auto V,,"13 Apr, 2015",83%,"1,086,892",https://store.steampowered.com/app/271590/Grand_Theft_Auto_V/?snr=1_7_7_230_150_1,win
16,Nickelodeon All-Star Brawl,    ‚Çπ 879,"4 Oct, 2021",84%,"2,276",https://store.steampowered.com/app/1414850/Nickelodeon_AllStar_Brawl/?snr=1_7_7_230_150_1,win
17,Tales of Arise,"‚Çπ 2,299","9 Sep, 2021",91%,"10,143",https://store.steampowered.com/app/740130/Tales_of_Arise/?snr=1_7_7_230_150_1,win
18,Phasmophobia,‚Çπ 439,"18 Sep, 2020",97%,"272,443",https://store.steampowered.com/app/739630/Phasmophobia/?snr=1_7_7_230_150_1,"win,vr_supported"
19,Planet Zoo,    ‚Çπ 859,"5 Nov, 2019",89%,"40,191",https://store.steampowered.com/app/703080/Planet_Zoo/?snr=1_7_7_230_150_1,win
20,Tom Clancy's Rainbow Six¬Æ Siege,‚Çπ 999,"1 Dec, 2015",88%,"824,409",https://store.steampowered.com/app/359550/Tom_Clancys_Rainbow_Six_Siege/?snr=1_7_7_230_150_1,win
21,NBA 2K22,"‚Çπ 3,299","9 Sep, 2021",45%,"4,671",https://store.steampowered.com/app/1644960/NBA_2K22/?snr=1_7_7_230_150_1,win
22,Battlefield 1 ‚Ñ¢,    ‚Çπ 299,"11 Jun, 2020",84%,"43,014",https://store.steampowered.com/app/1238840/Battlefield_1/?snr=1_7_7_230_150_1,win
23,War Thunder,Free to Play,"15 Aug, 2013",79%,"250,730",https://store.steampowered.com/app/236390/War_Thunder/?snr=1_7_7_230_150_1,"win,mac,linux,vr_supported"
24,Red Dead Redemption 2,"‚Çπ 3,199","5 Dec, 2019",86%,"186,592",https://store.steampowered.com/app/1174180/Red_Dead_Redemption_2/?snr=1_7_7_230_150_1,win
25,Rust,‚Çπ 899,"8 Feb, 2018",87%,"545,565",https://store.steampowered.com/app/252490/Rust/?snr=1_7_7_230_150_1,"win,mac"
26,Timberborn,‚Çπ 569,"15 Sep, 2021",95%,"3,837",https://store.steampowered.com/app/1062090/Timberborn/?snr=1_7_7_230_150_1,"win,mac"
27,Valheim,‚Çπ 529,"2 Feb, 2021",95%,"238,378",https://store.steampowered.com/app/892970/Valheim/?snr=1_7_7_230_150_1,"win,linux"
28,Wallpaper Engine,‚Çπ 229,Nov 2018,97%,"380,937",https://store.steampowered.com/app/431960/Wallpaper_Engine/?snr=1_7_7_230_150_1,win
29,Yu-Gi-Oh! Duel Links,Free to Play,"16 Nov, 2017",84%,"33,236",https://store.steampowered.com/app/601510/YuGiOh_Duel_Links/?snr=1_7_7_230_150_1,win
30,Battlefield 4‚Ñ¢,    ‚Çπ 299,"11 Jun, 2020",86%,"24,173",https://store.steampowered.com/app/1238860/Battlefield_4/?snr=1_7_7_230_150_1,win
31,Sea of Thieves,‚Çπ 899,"3 Jun, 2020",90%,"142,545",https://store.steampowered.com/app/1172620/Sea_of_Thieves/?snr=1_7_7_230_150_1,win
32,NieR:Automata‚Ñ¢,    ‚Çπ 665,"17 Mar, 2017",84%,"68,053",https://store.steampowered.com/app/524220/NieRAutomata/?snr=1_7_7_230_150_1,win
33,MELTY BLOOD: TYPE LUMINA,"‚Çπ 1,099","29 Sep, 2021",87%,"2,694",https://store.steampowered.com/app/1372280/MELTY_BLOOD_TYPE_LUMINA/?snr=1_7_7_230_150_1,win
34,Pathfinder: Wrath of the Righteous,"‚Çπ 2,449","2 Sep, 2021",80%,"8,134",https://store.steampowered.com/app/1184370/Pathfinder_Wrath_of_the_Righteous/?snr=1_7_7_230_150_1,"win,mac"
35,ARK: Survival Evolved,‚Çπ 699,"27 Aug, 2017",81%,"372,508",https://store.steampowered.com/app/346110/ARK_Survival_Evolved/?snr=1_7_7_230_150_1,"win,mac,linux"
36,RimWorld,‚Çπ 759,"17 Oct, 2018",98%,"95,674",https://store.steampowered.com/app/294100/RimWorld/?snr=1_7_7_230_150_1,"win,mac,linux"
37,Hell Let Loose,  ‚Çπ 674,"27 Jul, 2021",85%,"33,397",https://store.steampowered.com/app/686810/Hell_Let_Loose/?snr=1_7_7_230_150_1,win
38,Gas Station Simulator,‚Çπ 529,"15 Sep, 2021",84%,"5,294",https://store.steampowered.com/app/1149620/Gas_Station_Simulator/?snr=1_7_7_230_150_1,win
39,It Takes Two,"‚Çπ 2,499","25 Mar, 2021",95%,"40,094",https://store.steampowered.com/app/1426210/It_Takes_Two/?snr=1_7_7_230_150_1,win
40,Madden NFL 22,"    ‚Çπ 1,949","19 Aug, 2021",40%,930,https://store.steampowered.com/app/1519350/Madden_NFL_22/?snr=1_7_7_230_150_1,win
41,SMITE¬Æ,Free to Play,"8 Sep, 2015",80%,"90,798",https://store.steampowered.com/app/386360/SMITE/?snr=1_7_7_230_150_1,win
42,Euro Truck Simulator 2,‚Çπ 965,"12 Oct, 2012",97%,"356,161",https://store.steampowered.com/app/227300/Euro_Truck_Simulator_2/?snr=1_7_7_230_150_1,"win,mac,linux"
43,Sid Meier‚Äôs Civilization¬Æ VI,"‚Çπ 2,499","20 Oct, 2016",82%,"129,129",https://store.steampowered.com/app/289070/Sid_Meiers_Civilization_VI/?snr=1_7_7_230_150_1,"win,mac,linux"
44,Tom Clancy's Ghost Recon¬Æ Wildlands,    ‚Çπ 499,"6 Mar, 2017",79%,"46,514",https://store.steampowered.com/app/460930/Tom_Clancys_Ghost_Recon_Wildlands/?snr=1_7_7_230_150_1,win
45,Subnautica,  ‚Çπ 349,"23 Jan, 2018",96%,"160,658",https://store.steampowered.com/app/264710/Subnautica/?snr=1_7_7_230_150_1,"win,mac,vr_supported"
46,STAR WARS‚Ñ¢: The Old Republic‚Ñ¢,Free To Play,"21 Jul, 2020",90%,"31,916",https://store.steampowered.com/app/1286830/STAR_WARS_The_Old_Republic/?snr=1_7_7_230_150_1,win
47,DEATH STRANDING,"    ‚Çπ 1,599","14 Jul, 2020",92%,"40,599",https://store.steampowered.com/app/1190460/DEATH_STRANDING/?snr=1_7_7_230_150_1,win
48,Car Mechanic Simulator 2021,  ‚Çπ 512,"11 Aug, 2021",95%,"6,946",https://store.steampowered.com/app/1190000/Car_Mechanic_Simulator_2021/?snr=1_7_7_230_150_1,win
49,Microsoft Flight Simulator,"‚Çπ 3,999","17 Aug, 2020",75%,"28,423",https://store.steampowered.com/app/1250410/Microsoft_Flight_Simulator/?snr=1_7_7_230_150_1,"win,vr_supported"
50,Fall Guys: Ultimate Knockout,‚Çπ 529,"4 Aug, 2020",83%,"346,640",https://store.steampowered.com/app/1097150/Fall_Guys_Ultimate_Knockout/?snr=1_7_7_230_150_2,win
51,Frostpunk,  ‚Çπ 209,"24 Apr, 2018",91%,"58,347",https://store.steampowered.com/app/323190/Frostpunk/?snr=1_7_7_230_150_2,"win,mac"
52,Bloons TD 6,‚Çπ 349,"18 Dec, 2018",97%,"110,744",https://store.steampowered.com/app/960090/Bloons_TD_6/?snr=1_7_7_230_150_2,"win,mac"
53,Forza Horizon 4,"‚Çπ 1,299","9 Mar, 2021",84%,"66,548",https://store.steampowered.com/app/1293830/Forza_Horizon_4/?snr=1_7_7_230_150_2,win
54,Subnautica: Below Zero,  ‚Çπ 524,"14 May, 2021",91%,"50,131",https://store.steampowered.com/app/848450/Subnautica_Below_Zero/?snr=1_7_7_230_150_2,"win,mac"
55,Cities: Skylines,‚Çπ 729,"10 Mar, 2015",93%,"128,210",https://store.steampowered.com/app/255710/Cities_Skylines/?snr=1_7_7_230_150_2,"win,mac,linux"
56,Back 4 Blood,"‚Çπ 2,999","12 Oct, 2021",No ,yet,https://store.steampowered.com/app/924970/Back_4_Blood/?snr=1_7_7_230_150_2,win
57,Stardew Valley,‚Çπ 479,"26 Feb, 2016",97%,"333,049",https://store.steampowered.com/app/413150/Stardew_Valley/?snr=1_7_7_230_150_2,"win,mac,linux"
58,DEATHLOOP,"‚Çπ 2,499","14 Sep, 2021",75%,"8,109",https://store.steampowered.com/app/1252330/DEATHLOOP/?snr=1_7_7_230_150_2,win
59,World of Warships,Free to Play,"15 Nov, 2017",80%,"88,746",https://store.steampowered.com/app/552990/World_of_Warships/?snr=1_7_7_230_150_2,win
60,Raft,‚Çπ 565,"23 May, 2018",92%,"117,501",https://store.steampowered.com/app/648800/Raft/?snr=1_7_7_230_150_2,win
61,Terraria,‚Çπ 369,"16 May, 2011",98%,"645,016",https://store.steampowered.com/app/105600/Terraria/?snr=1_7_7_230_150_2,"win,mac,linux"
62,MIR4,Free To Play,"25 Aug, 2021",57%,"3,704",https://store.steampowered.com/app/1623660/MIR4/?snr=1_7_7_230_150_2,win
63,Hunt: Showdown,"‚Çπ 1,499","27 Aug, 2019",83%,"80,530",https://store.steampowered.com/app/594650/Hunt_Showdown/?snr=1_7_7_230_150_2,win
64,Battlefield‚Ñ¢ 2042,"‚Çπ 2,999","19 Nov, 2021",No ,yet,https://store.steampowered.com/app/1517290/Battlefield_2042/?snr=1_7_7_230_150_2,win
65,Cyberpunk 2077,"‚Çπ 2,999","10 Dec, 2020",76%,"384,622",https://store.steampowered.com/app/1091500/Cyberpunk_2077/?snr=1_7_7_230_150_2,win
66,Monster Hunter: World,"‚Çπ 2,497","9 Aug, 2018",86%,"199,717",https://store.steampowered.com/app/582010/Monster_Hunter_World/?snr=1_7_7_230_150_2,win
67,Stellaris,‚Çπ 849,"9 May, 2016",87%,"80,928",https://store.steampowered.com/app/281990/Stellaris/?snr=1_7_7_230_150_2,"win,mac,linux"
68,Muse Dash,  ‚Çπ 30,"20 Jun, 2019",96%,"44,529",https://store.steampowered.com/app/774171/Muse_Dash/?snr=1_7_7_230_150_2,"win,mac"
69,The Forest,‚Çπ 529,"30 Apr, 2018",94%,"258,893",https://store.steampowered.com/app/242760/The_Forest/?snr=1_7_7_230_150_2,"win,vr_supported"
70,The Elder Scrolls V: Skyrim Special Edition,"‚Çπ 1,799","28 Oct, 2016",94%,"80,624",https://store.steampowered.com/app/489830/The_Elder_Scrolls_V_Skyrim_Special_Edition/?snr=1_7_7_230_150_2,win
71,Baldur's Gate 3,"‚Çπ 2,999","6 Oct, 2020",88%,"39,960",https://store.steampowered.com/app/1086940/Baldurs_Gate_3/?snr=1_7_7_230_150_2,"win,mac"
72,BeamNG.drive,‚Çπ 569,"29 May, 2015",96%,"82,806",https://store.steampowered.com/app/284160/BeamNGdrive/?snr=1_7_7_230_150_2,win
73,NieR Replicant‚Ñ¢ ver.1.22474487139...,"    ‚Çπ 1,949","23 Apr, 2021",86%,"9,670",https://store.steampowered.com/app/1113560/NieR_Replicant_ver122474487139/?snr=1_7_7_230_150_2,win
74,American Truck Simulator,"‚Çπ 1,089","2 Feb, 2016",96%,"72,103",https://store.steampowered.com/app/270880/American_Truck_Simulator/?snr=1_7_7_230_150_2,"win,mac,linux"
75,World of Tanks Blitz,Free to Play,"9 Nov, 2016",80%,"89,753",https://store.steampowered.com/app/444200/World_of_Tanks_Blitz/?snr=1_7_7_230_150_2,"win,mac"
76,F1¬Æ 2021,"‚Çπ 2,999","15 Jul, 2021",84%,"7,957",https://store.steampowered.com/app/1134570/F1_2021/?snr=1_7_7_230_150_2,win
77,Call of Duty¬Æ: Black Ops III,"‚Çπ 3,999","6 Nov, 2015",81%,"52,276",https://store.steampowered.com/app/311210/Call_of_Duty_Black_Ops_III/?snr=1_7_7_230_150_2,"win,mac"
78,Age of Darkness: Final Stand,  ‚Çπ 523,"7 Oct, 2021",91%,489,https://store.steampowered.com/app/1426450/Age_of_Darkness_Final_Stand/?snr=1_7_7_230_150_2,win
79,DCS World Steam Edition,Free,"3 Aug, 2013",83%,"18,176",https://store.steampowered.com/app/223750/DCS_World_Steam_Edition/?snr=1_7_7_230_150_2,"win,vr_supported"
80,World War Z: Aftermath,‚Çπ 899,"21 Sep, 2021",77%,"1,819",https://store.steampowered.com/app/699130/World_War_Z_Aftermath/?snr=1_7_7_230_150_2,win
81,HOT WHEELS UNLEASHED‚Ñ¢,"‚Çπ 1,499","30 Sep, 2021",83%,855,https://store.steampowered.com/app/1271700/HOT_WHEELS_UNLEASHED/?snr=1_7_7_230_150_2,win
82,Bless Unleashed,Free To Play,"6 Aug, 2021",51%,"25,742",https://store.steampowered.com/app/1254120/Bless_Unleashed/?snr=1_7_7_230_150_2,win
83,Age of Empires II: Definitive Edition,‚Çπ 529,"14 Nov, 2019",94%,"78,489",https://store.steampowered.com/app/813780/Age_of_Empires_II_Definitive_Edition/?snr=1_7_7_230_150_2,win
84,Satisfactory,‚Çπ 749,"8 Jun, 2020",97%,"60,933",https://store.steampowered.com/app/526870/Satisfactory/?snr=1_7_7_230_150_2,win
85,Overcooked! 2,  ‚Çπ 193,"7 Aug, 2018",90%,"23,167",https://store.steampowered.com/app/728880/Overcooked_2/?snr=1_7_7_230_150_2,"win,mac,linux"
86,Halo: The Master Chief Collection,‚Çπ 899,"3 Dec, 2019",92%,"153,745",https://store.steampowered.com/app/976730/Halo_The_Master_Chief_Collection/?snr=1_7_7_230_150_2,win
87,Muse Dash - Just as planned,"    ‚Çπ 1,260","20 Jun, 2019",92%,"1,402",https://store.steampowered.com/app/1055810/Muse_Dash__Just_as_planned/?snr=1_7_7_230_150_2,"win,mac"
88,Potion Craft: Alchemist Simulator,‚Çπ 459,"21 Sep, 2021",92%,"3,449",https://store.steampowered.com/app/1210320/Potion_Craft_Alchemist_Simulator/?snr=1_7_7_230_150_2,win
89,The Outer Worlds,    ‚Çπ 986,"23 Oct, 2020",85%,"12,994",https://store.steampowered.com/app/578650/The_Outer_Worlds/?snr=1_7_7_230_150_2,win
90,Fallout 4,‚Çπ 999,"10 Nov, 2015",80%,"158,368",https://store.steampowered.com/app/377160/Fallout_4/?snr=1_7_7_230_150_2,win
91,Total War: WARHAMMER II,"‚Çπ 2,699","28 Sep, 2017",93%,"70,122",https://store.steampowered.com/app/594570/Total_War_WARHAMMER_II/?snr=1_7_7_230_150_2,"win,mac,linux"
92,Outer Wilds,‚Çπ 599,"18 Jun, 2020",95%,"23,596",https://store.steampowered.com/app/753640/Outer_Wilds/?snr=1_7_7_230_150_2,win
93,Insurgency: Sandstorm,‚Çπ 999,"12 Dec, 2018",86%,"62,297",https://store.steampowered.com/app/581320/Insurgency_Sandstorm/?snr=1_7_7_230_150_2,win
94,Fallout 76,"‚Çπ 2,499","14 Apr, 2020",76%,"28,038",https://store.steampowered.com/app/1151340/Fallout_76/?snr=1_7_7_230_150_2,win
95,HUMANKIND‚Ñ¢,"‚Çπ 2,399","17 Aug, 2021",69%,"11,586",https://store.steampowered.com/app/1124300/HUMANKIND/?snr=1_7_7_230_150_2,"win,mac"
96,Aliens: Fireteam Elite,"‚Çπ 1,699","24 Aug, 2021",84%,"9,179",https://store.steampowered.com/app/1549970/Aliens_Fireteam_Elite/?snr=1_7_7_230_150_2,win
97,Don't Starve Together,‚Çπ 459,"21 Apr, 2016",96%,"186,224",https://store.steampowered.com/app/322330/Dont_Starve_Together/?snr=1_7_7_230_150_2,"win,mac,linux"
98,Factorio,‚Çπ 700,"14 Aug, 2020",98%,"101,264",https://store.steampowered.com/app/427520/Factorio/?snr=1_7_7_230_150_2,"win,mac,linux"
99,Left 4 Dead 2,‚Çπ 349,"17 Nov, 2009",97%,"383,164",https://store.steampowered.com/app/550/Left_4_Dead_2/?snr=1_7_7_230_150_2,"win,mac,linux"
100,Death's Door,  ‚Çπ 559,"20 Jul, 2021",94%,"4,643",https://store.steampowered.com/app/894020/Deaths_Door/?snr=1_7_7_230_150_3,win
101,Hearts of Iron IV,‚Çπ 849,"6 Jun, 2016",92%,"107,673",https://store.steampowered.com/app/394360/Hearts_of_Iron_IV/?snr=1_7_7_230_150_3,"win,mac,linux"
102,Arma 3,"‚Çπ 1,999","12 Sep, 2013",90%,"151,872",https://store.steampowered.com/app/107410/Arma_3/?snr=1_7_7_230_150_3,win
103,Legion TD 2 - Multiplayer Tower Defense,‚Çπ 529,"1 Oct, 2021",80%,"3,858",https://store.steampowered.com/app/469600/Legion_TD_2__Multiplayer_Tower_Defense/?snr=1_7_7_230_150_3,win
104,Beat Saber,‚Çπ 699,"22 May, 2019",96%,"51,049",https://store.steampowered.com/app/620980/Beat_Saber/?snr=1_7_7_230_150_3,win
105,DayZ,"‚Çπ 2,799","13 Dec, 2018",69%,"231,206",https://store.steampowered.com/app/221100/DayZ/?snr=1_7_7_230_150_3,win
106,Brawlhalla,Free to Play,"17 Oct, 2017",84%,"245,712",https://store.steampowered.com/app/291550/Brawlhalla/?snr=1_7_7_230_150_3,"win,mac"
107,Medieval Dynasty,"‚Çπ 1,490","23 Sep, 2021",90%,"16,827",https://store.steampowered.com/app/1129580/Medieval_Dynasty/?snr=1_7_7_230_150_3,win
108,Life is Strange: True Colors,"‚Çπ 2,999","9 Sep, 2021",90%,"4,224",https://store.steampowered.com/app/936790/Life_is_Strange_True_Colors/?snr=1_7_7_230_150_3,win
109,PAYDAY 2,‚Çπ 399,"13 Aug, 2013",88%,"341,288",https://store.steampowered.com/app/218620/PAYDAY_2/?snr=1_7_7_230_150_3,"win,linux,vr_supported"
110,Crusader Kings III,"‚Çπ 1,099","1 Sep, 2020",93%,"40,920",https://store.steampowered.com/app/1158310/Crusader_Kings_III/?snr=1_7_7_230_150_3,"win,mac,linux"
111,The Witcher¬Æ 3: Wild Hunt,‚Çπ 800,"18 May, 2015",97%,"508,736",https://store.steampowered.com/app/292030/The_Witcher_3_Wild_Hunt/?snr=1_7_7_230_150_3,win
112,Soulworker,Free,"13 May, 2021",74%,"5,870",https://store.steampowered.com/app/1377580/Soulworker/?snr=1_7_7_230_150_3,win
113,"PUBG Gilt Elegance-1,050 G-Coin Skin Pack",‚Çπ 735,"8 Sep, 2021",87%,770,https://store.steampowered.com/app/1737770/PUBG_Gilt_Elegance1050_GCoin_Skin_Pack/?snr=1_7_7_230_150_3,win
114,The Binding of Isaac: Rebirth,‚Çπ 459,"4 Nov, 2014",97%,"150,106",https://store.steampowered.com/app/250900/The_Binding_of_Isaac_Rebirth/?snr=1_7_7_230_150_3,"win,mac,linux"
115,Stormworks: Build and Rescue,  ‚Çπ 455,"17 Sep, 2020",92%,"19,001",https://store.steampowered.com/app/573090/Stormworks_Build_and_Rescue/?snr=1_7_7_230_150_3,"win,mac"
116,Forza Horizon 5,"‚Çπ 3,499","9 Nov, 2021",No ,yet,https://store.steampowered.com/app/1551360/Forza_Horizon_5/?snr=1_7_7_230_150_3,win
117,No Man's Sky,"‚Çπ 1,799","12 Aug, 2016",70%,"167,329",https://store.steampowered.com/app/275850/No_Mans_Sky/?snr=1_7_7_230_150_3,"win,vr_supported"
118,Hades,‚Çπ 569,"17 Sep, 2020",98%,"148,213",https://store.steampowered.com/app/1145360/Hades/?snr=1_7_7_230_150_3,"win,mac"
119,SUCCUBUS,  ‚Çπ 512,"5 Oct, 2021",85%,784,https://store.steampowered.com/app/985830/SUCCUBUS/?snr=1_7_7_230_150_3,win
120,Borderlands 3,"‚Çπ 2,990","13 Mar, 2020",83%,"67,006",https://store.steampowered.com/app/397540/Borderlands_3/?snr=1_7_7_230_150_3,win
121,Sekiro‚Ñ¢: Shadows Die Twice - GOTY Edition,"‚Çπ 3,999","21 Mar, 2019",94%,"107,260",https://store.steampowered.com/app/814380/Sekiro_Shadows_Die_Twice__GOTY_Edition/?snr=1_7_7_230_150_3,win
122,F.I.S.T.: Forged In Shadow Torch,"‚Çπ 1,299","3 Oct, 2021",89%,"2,130",https://store.steampowered.com/app/1330470/FIST_Forged_In_Shadow_Torch/?snr=1_7_7_230_150_3,win
123,Divinity: Original Sin 2 - Definitive Edition,‚Çπ 989,"14 Sep, 2017",95%,"113,845",https://store.steampowered.com/app/435150/Divinity_Original_Sin_2__Definitive_Edition/?snr=1_7_7_230_150_3,"win,mac"
124,GUILTY GEAR -STRIVE-,"‚Çπ 1,299","11 Jun, 2021",90%,"12,422",https://store.steampowered.com/app/1384160/GUILTY_GEAR_STRIVE/?snr=1_7_7_230_150_3,win
125,Grounded,‚Çπ 699,"28 Jul, 2020",88%,"18,701",https://store.steampowered.com/app/962130/Grounded/?snr=1_7_7_230_150_3,win
126,Garry's Mod,‚Çπ 369,"30 Nov, 2006",96%,"632,239",https://store.steampowered.com/app/4000/Garrys_Mod/?snr=1_7_7_230_150_3,"win,mac,linux"
127,Mount & Blade II: Bannerlord,"‚Çπ 2,499","30 Mar, 2020",87%,"134,140",https://store.steampowered.com/app/261550/Mount__Blade_II_Bannerlord/?snr=1_7_7_230_150_3,win
128,DOOM Eternal,"‚Çπ 3,999","20 Mar, 2020",90%,"120,374",https://store.steampowered.com/app/782330/DOOM_Eternal/?snr=1_7_7_230_150_3,win
129,SnowRunner,"‚Çπ 1,199","18 May, 2021",84%,"4,255",https://store.steampowered.com/app/1465360/SnowRunner/?snr=1_7_7_230_150_3,win
130,Splitgate,Free To Play,"24 May, 2019",91%,"82,900",https://store.steampowered.com/app/677620/Splitgate/?snr=1_7_7_230_150_3,"win,linux"
131,RimWorld - Ideology,‚Çπ 529,"20 Jul, 2021",85%,"1,999",https://store.steampowered.com/app/1392840/RimWorld__Ideology/?snr=1_7_7_230_150_3,"win,mac,linux"
132,Dying Light,‚Çπ 899,"21 Apr, 2016",95%,"198,867",https://store.steampowered.com/app/239140/Dying_Light/?snr=1_7_7_230_150_3,"win,mac,linux"
133,Minecraft Dungeons,"‚Çπ 1,099","22 Sep, 2021",90%,901,https://store.steampowered.com/app/1672970/Minecraft_Dungeons/?snr=1_7_7_230_150_3,win
134,Orcs Must Die! 3,  ‚Çπ 559,"23 Jul, 2021",83%,"3,880",https://store.steampowered.com/app/1522820/Orcs_Must_Die_3/?snr=1_7_7_230_150_3,win
135,Mass Effect‚Ñ¢ Legendary Edition,"‚Çπ 2,999","14 May, 2021",92%,"17,393",https://store.steampowered.com/app/1328670/Mass_Effect_Legendary_Edition/?snr=1_7_7_230_150_3,win
136,DRAGON QUEST¬Æ XI S: Echoes of an Elusive Age‚Ñ¢ - Definitive Edition,"    ‚Çπ 1,624","4 Dec, 2020",94%,"3,230",https://store.steampowered.com/app/1295510/DRAGON_QUEST_XI_S_Echoes_of_an_Elusive_Age__Definitive_Edition/?snr=1_7_7_230_150_3,win
137,Conqueror's Blade,Free to Play,"6 Apr, 2020",67%,"19,848",https://store.steampowered.com/app/835570/Conquerors_Blade/?snr=1_7_7_230_150_3,win
138,Half-Life: Alyx,"‚Çπ 1,299","23 Mar, 2020",98%,"52,703",https://store.steampowered.com/app/546560/HalfLife_Alyx/?snr=1_7_7_230_150_3,win
139,FINAL FANTASY XV WINDOWS EDITION,"    ‚Çπ 1,049","6 Mar, 2018",82%,"28,317",https://store.steampowered.com/app/637650/FINAL_FANTASY_XV_WINDOWS_EDITION/?snr=1_7_7_230_150_3,win
140,EA Play,‚Çπ 315,"31 Aug, 2020",No ,yet,https://store.steampowered.com/app/1289670/EA_Play/?snr=1_7_7_230_150_3,win
141,Horizon Zero Dawn‚Ñ¢ Complete Edition,"‚Çπ 1,099","7 Aug, 2020",82%,"44,698",https://store.steampowered.com/app/1151640/Horizon_Zero_Dawn_Complete_Edition/?snr=1_7_7_230_150_3,win
142,Destiny 2: Beyond Light,‚Çπ 899,"11 Nov, 2020",51%,"3,426",https://store.steampowered.com/app/1314563/Destiny_2_Beyond_Light/?snr=1_7_7_230_150_3,win
143,Star Trek Online,Free to Play,"1 Feb, 2012",78%,"15,234",https://store.steampowered.com/app/9900/Star_Trek_Online/?snr=1_7_7_230_150_3,win
144,Foxhole,‚Çπ 565,"27 Jul, 2017",83%,"16,901",https://store.steampowered.com/app/505460/Foxhole/?snr=1_7_7_230_150_3,win
145,theHunter: Call of the Wild‚Ñ¢,‚Çπ 529,"16 Feb, 2017",86%,"73,492",https://store.steampowered.com/app/518790/theHunter_Call_of_the_Wild/?snr=1_7_7_230_150_3,win
146,This War of Mine,  ‚Çπ 105,"14 Nov, 2014",94%,"60,854",https://store.steampowered.com/app/282070/This_War_of_Mine/?snr=1_7_7_230_150_3,"win,mac,linux"
147,PICO PARK,‚Çπ 199,"7 May, 2021",91%,"5,345",https://store.steampowered.com/app/1509960/PICO_PARK/?snr=1_7_7_230_150_3,win
148,Project Zomboid,‚Çπ 479,"8 Nov, 2013",90%,"36,748",https://store.steampowered.com/app/108600/Project_Zomboid/?snr=1_7_7_230_150_3,"win,mac,linux"
149,DEVOUR,‚Çπ 199,"28 Jan, 2021",90%,"14,823",https://store.steampowered.com/app/1274570/DEVOUR/?snr=1_7_7_230_150_3,"win,mac"
150,Monster Hunter World: Iceborne,"‚Çπ 2,999","9 Jan, 2020",54%,"14,154",https://store.steampowered.com/app/1118010/Monster_Hunter_World_Iceborne/?snr=1_7_7_230_150_4,win
151,Tribes of Midgard,‚Çπ 699,"27 Jul, 2021",76%,"8,008",https://store.steampowered.com/app/858820/Tribes_of_Midgard/?snr=1_7_7_230_150_4,win
152,7 Days to Die,‚Çπ 619,"14 Dec, 2013",87%,"128,610",https://store.steampowered.com/app/251570/7_Days_to_Die/?snr=1_7_7_230_150_4,"win,mac,linux"
153,Prison Architect,  ‚Çπ 174,"6 Oct, 2015",91%,"47,180",https://store.steampowered.com/app/233450/Prison_Architect/?snr=1_7_7_230_150_4,"win,mac,linux"
154,Age of Empires IV,"‚Çπ 2,499","28 Oct, 2021",No ,yet,https://store.steampowered.com/app/1466860/Age_of_Empires_IV/?snr=1_7_7_230_150_4,win
155,Path of Exile,Free to Play,"23 Oct, 2013",90%,"171,064",https://store.steampowered.com/app/238960/Path_of_Exile/?snr=1_7_7_230_150_4,"win,mac"
156,Deep Rock Galactic,‚Çπ 699,"13 May, 2020",97%,"78,730",https://store.steampowered.com/app/548430/Deep_Rock_Galactic/?snr=1_7_7_230_150_4,win
157,Among Us,‚Çπ 199,"16 Nov, 2018",93%,"510,717",https://store.steampowered.com/app/945360/Among_Us/?snr=1_7_7_230_150_4,win
158,Psychonauts 2,"‚Çπ 1,299","25 Aug, 2021",97%,"3,290",https://store.steampowered.com/app/607080/Psychonauts_2/?snr=1_7_7_230_150_4,win
159,Squad,"‚Çπ 1,099","23 Sep, 2020",90%,"66,700",https://store.steampowered.com/app/393380/Squad/?snr=1_7_7_230_150_4,win
160,Control Ultimate Edition,"    ‚Çπ 1,199","27 Aug, 2020",90%,"19,189",https://store.steampowered.com/app/870780/Control_Ultimate_Edition/?snr=1_7_7_230_150_4,win
161,Europa Universalis IV,‚Çπ 849,"13 Aug, 2013",85%,"67,574",https://store.steampowered.com/app/236850/Europa_Universalis_IV/?snr=1_7_7_230_150_4,"win,mac,linux"
162,Risk of Rain 2,‚Çπ 719,"11 Aug, 2020",96%,"110,714",https://store.steampowered.com/app/632360/Risk_of_Rain_2/?snr=1_7_7_230_150_4,win
163,OCTOPATH TRAVELER‚Ñ¢,"    ‚Çπ 2,125","7 Jun, 2019",86%,"7,092",https://store.steampowered.com/app/921570/OCTOPATH_TRAVELER/?snr=1_7_7_230_150_4,win
164,Planet Zoo: North America Animal Pack,‚Çπ 782,"4 Oct, 2021",85%,55,https://store.steampowered.com/app/1747960/Planet_Zoo_North_America_Animal_Pack/?snr=1_7_7_230_150_4,win
165,ICARUS,  ‚Çπ 629,"20 Nov, 2021",No ,yet,https://store.steampowered.com/app/1149460/ICARUS/?snr=1_7_7_230_150_4,win
166,GrandChase,Free To Play,"28 Jul, 2021",50%,"14,831",https://store.steampowered.com/app/985810/GrandChase/?snr=1_7_7_230_150_4,win
167,Assetto Corsa,‚Çπ 529,"19 Dec, 2014",90%,"41,308",https://store.steampowered.com/app/244210/Assetto_Corsa/?snr=1_7_7_230_150_4,"win,vr_supported"
168,War Robots,Free To Play,"4 Apr, 2018",59%,"9,158",https://store.steampowered.com/app/767560/War_Robots/?snr=1_7_7_230_150_4,win
169,Farming Simulator 19,‚Çπ 799,"20 Nov, 2018",93%,"45,369",https://store.steampowered.com/app/787860/Farming_Simulator_19/?snr=1_7_7_230_150_4,"win,mac"
170,FINAL FANTASY XIV: Shadowbringers,"‚Çπ 2,519","2 Jul, 2019",86%,861,https://store.steampowered.com/app/1016870/FINAL_FANTASY_XIV_Shadowbringers/?snr=1_7_7_230_150_4,win
171,Zero Hour,‚Çπ 675,"12 Aug, 2020",84%,"13,622",https://store.steampowered.com/app/1359090/Zero_Hour/?snr=1_7_7_230_150_4,win
172,MADNESS: Project Nexus,‚Çπ 569,"30 Sep, 2021",97%,"3,436",https://store.steampowered.com/app/488860/MADNESS_Project_Nexus/?snr=1_7_7_230_150_4,win
173,Teardown,‚Çπ 619,"29 Oct, 2020",95%,"23,352",https://store.steampowered.com/app/1167630/Teardown/?snr=1_7_7_230_150_4,win
174,Pummel Party,‚Çπ 459,"20 Sep, 2018",90%,"25,085",https://store.steampowered.com/app/880940/Pummel_Party/?snr=1_7_7_230_150_4,win
175,Apex Legends‚Ñ¢ - Champion Edition,"‚Çπ 2,499","5 Nov, 2020",87%,314,https://store.steampowered.com/app/1445990/Apex_Legends__Champion_Edition/?snr=1_7_7_230_150_4,win
176,FOR HONOR‚Ñ¢,‚Çπ 749,"14 Feb, 2017",65%,"60,799",https://store.steampowered.com/app/304390/FOR_HONOR/?snr=1_7_7_230_150_4,win
177,A Total War Saga: TROY,"‚Çπ 2,249","2 Sep, 2021",70%,"1,010",https://store.steampowered.com/app/1099410/A_Total_War_Saga_TROY/?snr=1_7_7_230_150_4,"win,mac"
178,Tabletop Simulator,‚Çπ 565,"6 Jun, 2015",95%,"28,573",https://store.steampowered.com/app/286160/Tabletop_Simulator/?snr=1_7_7_230_150_4,"win,mac,linux,vr_supported"
179,Days Gone,"‚Çπ 2,999","18 May, 2021",92%,"14,291",https://store.steampowered.com/app/1259420/Days_Gone/?snr=1_7_7_230_150_4,win
180,Super Monkey Ball Banana Mania,"‚Çπ 1,699","5 Oct, 2021",88%,357,https://store.steampowered.com/app/1316910/Super_Monkey_Ball_Banana_Mania/?snr=1_7_7_230_150_4,win
181,Outer Wilds - Echoes of the Eye,‚Çπ 479,"28 Sep, 2021",92%,"1,715",https://store.steampowered.com/app/1622100/Outer_Wilds__Echoes_of_the_Eye/?snr=1_7_7_230_150_4,win
182,SCUM,‚Çπ 759,"29 Aug, 2018",73%,"51,869",https://store.steampowered.com/app/513710/SCUM/?snr=1_7_7_230_150_4,win
183,Age of Empires III: Definitive Edition,‚Çπ 529,"15 Oct, 2020",75%,"18,653",https://store.steampowered.com/app/933110/Age_of_Empires_III_Definitive_Edition/?snr=1_7_7_230_150_4,win
184,Killing Floor 2,  ‚Çπ 182,"18 Nov, 2016",88%,"67,763",https://store.steampowered.com/app/232090/Killing_Floor_2/?snr=1_7_7_230_150_4,win
185,Eastward,‚Çπ 619,"16 Sep, 2021",85%,"6,776",https://store.steampowered.com/app/977880/Eastward/?snr=1_7_7_230_150_4,"win,mac"
186,PowerWash Simulator,‚Çπ 529,"19 May, 2021",97%,"8,835",https://store.steampowered.com/app/1290000/PowerWash_Simulator/?snr=1_7_7_230_150_4,win
187,ARK: Genesis Season Pass,‚Çπ 699,"8 Aug, 2019",53%,"4,315",https://store.steampowered.com/app/1113410/ARK_Genesis_Season_Pass/?snr=1_7_7_230_150_4,"win,mac,linux"
188,Demon Slayer -Kimetsu no Yaiba- The Hinokami Chronicles,"‚Çπ 4,399","15 Oct, 2021",No ,yet,https://store.steampowered.com/app/1490890/Demon_Slayer_Kimetsu_no_Yaiba_The_Hinokami_Chronicles/?snr=1_7_7_230_150_4,win
189,Assetto Corsa Competizione,"    ‚Çπ 1,119","29 May, 2019",90%,"11,187",https://store.steampowered.com/app/805550/Assetto_Corsa_Competizione/?snr=1_7_7_230_150_4,"win,vr_supported"
190,Football Manager 2022,"    ‚Çπ 2,429","10 Nov, 2021",No ,yet,https://store.steampowered.com/app/1569040/Football_Manager_2022/?snr=1_7_7_230_150_4,"win,mac"
191,NARUTO TO BORUTO: SHINOBI STRIKER,"‚Çπ 1,099","31 Aug, 2018",85%,"25,623",https://store.steampowered.com/app/633230/NARUTO_TO_BORUTO_SHINOBI_STRIKER/?snr=1_7_7_230_150_4,win
192,XCOM¬Æ 2,    ‚Çπ 749,"4 Feb, 2016",84%,"49,910",https://store.steampowered.com/app/268500/XCOM_2/?snr=1_7_7_230_150_4,"win,mac,linux"
193,RuneScape ¬Æ,Free To Play,"14 Oct, 2020",88%,"15,168",https://store.steampowered.com/app/1343400/RuneScape/?snr=1_7_7_230_150_4,"win,mac"
194,Destiny 2: Forsaken,‚Çπ 569,"10 Nov, 2020",67%,"2,264",https://store.steampowered.com/app/1090150/Destiny_2_Forsaken/?snr=1_7_7_230_150_4,win
195,Dyson Sphere Program,  ‚Çπ 611,"21 Jan, 2021",97%,"44,917",https://store.steampowered.com/app/1366540/Dyson_Sphere_Program/?snr=1_7_7_230_150_4,win
196,iRacing,‚Çπ 369,"13 Jan, 2015",82%,990,https://store.steampowered.com/app/266410/iRacing/?snr=1_7_7_230_150_4,win
197,Grim Dawn,‚Çπ 619,"25 Feb, 2016",93%,"56,497",https://store.steampowered.com/app/219990/Grim_Dawn/?snr=1_7_7_230_150_4,win
198,Paladins¬Æ,Free to Play,"8 May, 2018",85%,"311,092",https://store.steampowered.com/app/444090/Paladins/?snr=1_7_7_230_150_4,win
199,Assassin's Creed¬Æ Odyssey,"‚Çπ 2,999","6 Oct, 2018",89%,"95,338",https://store.steampowered.com/app/812140/Assassins_Creed_Odyssey/?snr=1_7_7_230_150_4,win
200,Phantasy Star Online 2 New Genesis,Free To Play,"5 Aug, 2020",73%,"17,475",https://store.steampowered.com/app/1056640/Phantasy_Star_Online_2_New_Genesis/?snr=1_7_7_230_150_5,win
201,Human: Fall Flat,‚Çπ 529,"22 Jul, 2016",94%,"112,998",https://store.steampowered.com/app/477160/Human_Fall_Flat/?snr=1_7_7_230_150_5,"win,mac"
202,Witch It,  ‚Çπ 146,"22 Oct, 2020",89%,"8,576",https://store.steampowered.com/app/559650/Witch_It/?snr=1_7_7_230_150_5,win
203,DARK SOULS‚Ñ¢ III,"‚Çπ 4,299","11 Apr, 2016",94%,"187,728",https://store.steampowered.com/app/374320/DARK_SOULS_III/?snr=1_7_7_230_150_5,win
204,DARK SOULS‚Ñ¢: REMASTERED,"‚Çπ 1,199","24 May, 2018",86%,"31,103",https://store.steampowered.com/app/570940/DARK_SOULS_REMASTERED/?snr=1_7_7_230_150_5,win
205,Frostpunk: The Last Autumn,  ‚Çπ 293,"21 Jan, 2020",77%,931,https://store.steampowered.com/app/1146960/Frostpunk_The_Last_Autumn/?snr=1_7_7_230_150_5,"win,mac"
206,Detroit: Become Human,"‚Çπ 1,899","18 Jun, 2020",91%,"30,872",https://store.steampowered.com/app/1222140/Detroit_Become_Human/?snr=1_7_7_230_150_5,win
207,Farming Simulator 22,"‚Çπ 2,499",22nd November 2021,No ,yet,https://store.steampowered.com/app/1248130/Farming_Simulator_22/?snr=1_7_7_230_150_5,"win,mac"
208,CarX Drift Racing Online,‚Çπ 459,"17 Nov, 2017",94%,"28,141",https://store.steampowered.com/app/635260/CarX_Drift_Racing_Online/?snr=1_7_7_230_150_5,win
209,MechWarrior 5: Mercenaries,‚Çπ 699,"27 May, 2021",83%,"2,694",https://store.steampowered.com/app/784080/MechWarrior_5_Mercenaries/?snr=1_7_7_230_150_5,win
210,FOREWARNED,‚Çπ 419,"10 Sep, 2021",89%,862,https://store.steampowered.com/app/1562420/FOREWARNED/?snr=1_7_7_230_150_5,"win,vr_supported"
211,Hollow Knight,‚Çπ 479,"24 Feb, 2017",97%,"156,698",https://store.steampowered.com/app/367520/Hollow_Knight/?snr=1_7_7_230_150_5,"win,mac,linux"
212,Totally Accurate Battle Simulator,‚Çπ 529,"1 Apr, 2021",98%,"66,339",https://store.steampowered.com/app/508440/Totally_Accurate_Battle_Simulator/?snr=1_7_7_230_150_5,"win,mac"
213,Total War: THREE KINGDOMS,"‚Çπ 2,699","23 May, 2019",84%,"45,047",https://store.steampowered.com/app/779340/Total_War_THREE_KINGDOMS/?snr=1_7_7_230_150_5,"win,mac,linux"
214,FINAL FANTASY XIV: Endwalker,"‚Çπ 2,519","23 Nov, 2021",No ,yet,https://store.steampowered.com/app/1592500/FINAL_FANTASY_XIV_Endwalker/?snr=1_7_7_230_150_5,win
215,Stormworks: Search and Destroy,‚Çπ 349,"5 Oct, 2021",77%,362,https://store.steampowered.com/app/1542360/Stormworks_Search_and_Destroy/?snr=1_7_7_230_150_5,"win,mac"
216,BIGFOOT,‚Çπ 649,"31 Jan, 2017",77%,"7,490",https://store.steampowered.com/app/509980/BIGFOOT/?snr=1_7_7_230_150_5,win
217,Need for Speed‚Ñ¢ Heat,"‚Çπ 3,499","4 Jun, 2020",84%,"26,507",https://store.steampowered.com/app/1222680/Need_for_Speed_Heat/?snr=1_7_7_230_150_5,win
218,ASTRONEER,‚Çπ 699,"6 Feb, 2019",90%,"69,791",https://store.steampowered.com/app/361420/ASTRONEER/?snr=1_7_7_230_150_5,win
219,Nioh 2 ‚Äì The Complete Edition,"‚Çπ 2,499","5 Feb, 2021",85%,"15,621",https://store.steampowered.com/app/1325200/Nioh_2__The_Complete_Edition/?snr=1_7_7_230_150_5,win
220,Metro Exodus,‚Çπ 749,"14 Feb, 2020",88%,"54,762",https://store.steampowered.com/app/412020/Metro_Exodus/?snr=1_7_7_230_150_5,"win,mac,linux"
221,Dead by Daylight - Stranger Things Chapter,‚Çπ 399,"17 Sep, 2019",91%,"1,740",https://store.steampowered.com/app/1135280/Dead_by_Daylight__Stranger_Things_Chapter/?snr=1_7_7_230_150_5,win
222,House Flipper,‚Çπ 529,"17 May, 2018",92%,"43,290",https://store.steampowered.com/app/613100/House_Flipper/?snr=1_7_7_230_150_5,"win,mac"
223,Resident Evil Village,"‚Çπ 4,999","7 May, 2021",95%,"37,860",https://store.steampowered.com/app/1196590/Resident_Evil_Village/?snr=1_7_7_230_150_5,win
224,Middle-earth‚Ñ¢: Shadow of War‚Ñ¢,‚Çπ 959,"10 Oct, 2017",86%,"50,509",https://store.steampowered.com/app/356190/Middleearth_Shadow_of_War/?snr=1_7_7_230_150_5,win
225,Wasteland 3,‚Çπ 899,"28 Aug, 2020",82%,"8,685",https://store.steampowered.com/app/719040/Wasteland_3/?snr=1_7_7_230_150_5,"win,mac,linux"
226,The Sims‚Ñ¢ 4 Cats & Dogs,"    ‚Çπ 1,099","19 Jun, 2020",79%,122,https://store.steampowered.com/app/1235721/The_Sims_4_Cats__Dogs/?snr=1_7_7_230_150_5,win
227,Train Sim World¬Æ 2,‚Çπ 699,"20 Aug, 2020",84%,"4,009",https://store.steampowered.com/app/1282590/Train_Sim_World_2/?snr=1_7_7_230_150_5,win
228,Grand Theft Auto: San Andreas,‚Çπ 783,"7 Jan, 2011",91%,"59,149",https://store.steampowered.com/app/12120/Grand_Theft_Auto_San_Andreas/?snr=1_7_7_230_150_5,win
229,The Sims‚Ñ¢ 4 Seasons,"    ‚Çπ 1,099","19 Jun, 2020",89%,104,https://store.steampowered.com/app/1235733/The_Sims_4_Seasons/?snr=1_7_7_230_150_5,win
230,The Elder Scrolls Online - Blackwood,"    ‚Çπ 1,249","1 Jun, 2021",51%,263,https://store.steampowered.com/app/1400970/The_Elder_Scrolls_Online__Blackwood/?snr=1_7_7_230_150_5,"win,mac"
231,HITMAN‚Ñ¢ 2,,"13 Nov, 2018",91%,"25,109",https://store.steampowered.com/app/863550/HITMAN_2/?snr=1_7_7_230_150_5,win
232,MONSTER HUNTER RISE,"‚Çπ 3,499","12 Jan, 2022",No ,yet,https://store.steampowered.com/app/1446780/MONSTER_HUNTER_RISE/?snr=1_7_7_230_150_5,win
233,American Truck Simulator - Wyoming,‚Çπ 409,"7 Sep, 2021",91%,315,https://store.steampowered.com/app/1415692/American_Truck_Simulator__Wyoming/?snr=1_7_7_230_150_5,"win,mac,linux"
234,Mini Motorways,‚Çπ 349,"20 Jul, 2021",95%,"7,409",https://store.steampowered.com/app/1127500/Mini_Motorways/?snr=1_7_7_230_150_5,"win,mac"
235,Barotrauma,‚Çπ 699,"5 Jun, 2019",92%,"11,592",https://store.steampowered.com/app/602960/Barotrauma/?snr=1_7_7_230_150_5,"win,mac,linux"
236,Shop Titans,Free To Play,"5 May, 2020",78%,"9,932",https://store.steampowered.com/app/1258080/Shop_Titans/?snr=1_7_7_230_150_5,win
237,Total War: WARHAMMER,"‚Çπ 2,699","24 May, 2016",78%,"28,655",https://store.steampowered.com/app/364360/Total_War_WARHAMMER/?snr=1_7_7_230_150_5,"win,mac,linux"
238,NARUTO SHIPPUDEN: Ultimate Ninja STORM 4,"‚Çπ 2,000","5 Feb, 2016",90%,"46,646",https://store.steampowered.com/app/349040/NARUTO_SHIPPUDEN_Ultimate_Ninja_STORM_4/?snr=1_7_7_230_150_5,win
239,Pavlov VR,‚Çπ 569,"28 Feb, 2017",94%,"24,336",https://store.steampowered.com/app/555160/Pavlov_VR/?snr=1_7_7_230_150_5,win
240,EVE Online,Free To Play,"16 Dec, 2010",75%,"24,613",https://store.steampowered.com/app/8500/EVE_Online/?snr=1_7_7_230_150_5,"win,mac"
241,Mortal Kombat¬†11,"‚Çπ 1,149","23 Apr, 2019",85%,"39,455",https://store.steampowered.com/app/976310/Mortal_Kombat11/?snr=1_7_7_230_150_5,win
242,Gang Beasts,‚Çπ 565,"12 Dec, 2017",77%,"26,730",https://store.steampowered.com/app/285900/Gang_Beasts/?snr=1_7_7_230_150_5,"win,mac,linux"
243,Shadowverse CCG,Free To Play,"28 Oct, 2016",75%,"12,077",https://store.steampowered.com/app/453480/Shadowverse_CCG/?snr=1_7_7_230_150_5,"win,mac"
244,Wildermyth,‚Çπ 569,"15 Jun, 2021",95%,"7,651",https://store.steampowered.com/app/763890/Wildermyth/?snr=1_7_7_230_150_5,"win,mac,linux"
245,Super Robot Wars 30,"‚Çπ 1,999","28 Oct, 2021",No ,yet,https://store.steampowered.com/app/898750/Super_Robot_Wars_30/?snr=1_7_7_230_150_5,win
246,Devil May Cry 5,"‚Çπ 1,749","8 Mar, 2019",94%,"40,738",https://store.steampowered.com/app/601150/Devil_May_Cry_5/?snr=1_7_7_230_150_5,win
247,Space Engineers,‚Çπ 789,"28 Feb, 2019",89%,"78,379",https://store.steampowered.com/app/244850/Space_Engineers/?snr=1_7_7_230_150_5,win
248,TEKKEN 7,‚Çπ 989,"2 Jun, 2017",82%,"40,384",https://store.steampowered.com/app/389730/TEKKEN_7/?snr=1_7_7_230_150_5,win
249,Warhammer: Vermintide 2,‚Çπ 699,"8 Mar, 2018",82%,"57,935",https://store.steampowered.com/app/552500/Warhammer_Vermintide_2/?snr=1_7_7_230_150_5,win
250,Blade and Sorcery,‚Çπ 529,"11 Dec, 2018",95%,"21,289",https://store.steampowered.com/app/629730/Blade_and_Sorcery/?snr=1_7_7_230_150_6,win
251,Train Simulator 2022,‚Çπ 699,"30 Sep, 2021",68%,"14,433",https://store.steampowered.com/app/24010/Train_Simulator_2022/?snr=1_7_7_230_150_6,win
252,Cookie Clicker,‚Çπ 199,"2 Sep, 2021",97%,"13,455",https://store.steampowered.com/app/1454400/Cookie_Clicker/?snr=1_7_7_230_150_6,win
253,Swords of Legends Online,"    ‚Çπ 2,399","9 Jul, 2021",73%,"3,624",https://store.steampowered.com/app/1418100/Swords_of_Legends_Online/?snr=1_7_7_230_150_6,win
254,BONEWORKS,‚Çπ 699,"10 Dec, 2019",91%,"22,168",https://store.steampowered.com/app/823500/BONEWORKS/?snr=1_7_7_230_150_6,win
255,The Sims‚Ñ¢ 4 Cottage Living Expansion Pack,"    ‚Çπ 1,649","22 Jul, 2021",92%,38,https://store.steampowered.com/app/1458150/The_Sims_4_Cottage_Living_Expansion_Pack/?snr=1_7_7_230_150_6,win
256,Road 96 üõ£Ô∏è,‚Çπ 596,"16 Aug, 2021",91%,"3,652",https://store.steampowered.com/app/1466640/Road_96/?snr=1_7_7_230_150_6,win
257,Conan Exiles,‚Çπ 999,"8 May, 2018",78%,"49,936",https://store.steampowered.com/app/440900/Conan_Exiles/?snr=1_7_7_230_150_6,win
258,Action Taimanin,Free To Play,"6 Oct, 2020",84%,"10,327",https://store.steampowered.com/app/1335200/Action_Taimanin/?snr=1_7_7_230_150_6,win
259,Gunfire Reborn,‚Çπ 399,"23 May, 2020",94%,"44,633",https://store.steampowered.com/app/1217060/Gunfire_Reborn/?snr=1_7_7_230_150_6,win
260,Dead Cells,‚Çπ 629,"7 Aug, 2018",96%,"73,413",https://store.steampowered.com/app/588650/Dead_Cells/?snr=1_7_7_230_150_6,"win,mac,linux"
261,Golf With Your Friends,‚Çπ 459,"19 May, 2020",90%,"29,726",https://store.steampowered.com/app/431240/Golf_With_Your_Friends/?snr=1_7_7_230_150_6,"win,mac,linux"
262,Sid Meier's Civilization¬Æ VI: Gathering Storm,"‚Çπ 1,799","14 Feb, 2019",68%,"2,000",https://store.steampowered.com/app/947510/Sid_Meiers_Civilization_VI_Gathering_Storm/?snr=1_7_7_230_150_6,"win,mac,linux"
263,Football Manager 2021,"‚Çπ 2,499","24 Nov, 2020",92%,"12,741",https://store.steampowered.com/app/1263850/Football_Manager_2021/?snr=1_7_7_230_150_6,"win,mac"
264,Borderlands 2,‚Çπ 999,"21 Sep, 2012",95%,"165,417",https://store.steampowered.com/app/49520/Borderlands_2/?snr=1_7_7_230_150_6,"win,mac,linux"
265,Darkest Dungeon¬Æ,‚Çπ 619,"19 Jan, 2016",90%,"88,423",https://store.steampowered.com/app/262060/Darkest_Dungeon/?snr=1_7_7_230_150_6,"win,mac,linux"
266,Disco Elysium - The Final Cut,‚Çπ 899,"15 Oct, 2019",94%,"38,269",https://store.steampowered.com/app/632470/Disco_Elysium__The_Final_Cut/?snr=1_7_7_230_150_6,"win,mac"
267,Undertale,‚Çπ 369,"15 Sep, 2015",96%,"143,255",https://store.steampowered.com/app/391540/Undertale/?snr=1_7_7_230_150_6,"win,mac,linux"
268,Twelve Minutes,‚Çπ 599,"19 Aug, 2021",72%,"4,035",https://store.steampowered.com/app/1097200/Twelve_Minutes/?snr=1_7_7_230_150_6,win
269,Children of Morta,  ‚Çπ 227,"3 Sep, 2019",91%,"8,201",https://store.steampowered.com/app/330020/Children_of_Morta/?snr=1_7_7_230_150_6,"win,mac,linux"
270,Portal 2,‚Çπ 349,"19 Apr, 2011",98%,"212,303",https://store.steampowered.com/app/620/Portal_2/?snr=1_7_7_230_150_6,"win,mac,linux"
271,Monster Hunter Stories 2: Wings of Ruin,"‚Çπ 3,499","9 Jul, 2021",78%,"7,531",https://store.steampowered.com/app/1277400/Monster_Hunter_Stories_2_Wings_of_Ruin/?snr=1_7_7_230_150_6,win
272,Realm of the Mad God Exalt,Free to Play,"20 Feb, 2012",84%,"39,881",https://store.steampowered.com/app/200210/Realm_of_the_Mad_God_Exalt/?snr=1_7_7_230_150_6,"win,mac"
273,Last Epoch,‚Çπ 759,"1 May, 2019",87%,"8,363",https://store.steampowered.com/app/899770/Last_Epoch/?snr=1_7_7_230_150_6,"win,linux"
274,Red Dead Online,"‚Çπ 1,499","2 Dec, 2020",82%,"27,267",https://store.steampowered.com/app/1404210/Red_Dead_Online/?snr=1_7_7_230_150_6,win
275,Sprocket,‚Çπ 529,"27 Aug, 2021",93%,"2,735",https://store.steampowered.com/app/1674170/Sprocket/?snr=1_7_7_230_150_6,win
276,Tetris¬Æ Effect: Connected,‚Çπ 899,"18 Aug, 2021",95%,"1,767",https://store.steampowered.com/app/1003590/Tetris_Effect_Connected/?snr=1_7_7_230_150_6,"win,vr_supported"
277,SCARLET NEXUS,"‚Çπ 1,999","25 Jun, 2021",85%,"5,766",https://store.steampowered.com/app/775500/SCARLET_NEXUS/?snr=1_7_7_230_150_6,win
278,RimWorld - Royalty,‚Çπ 529,"24 Feb, 2020",83%,"1,628",https://store.steampowered.com/app/1149640/RimWorld__Royalty/?snr=1_7_7_230_150_6,"win,mac,linux"
279,Frostpunk: On The Edge,  ‚Çπ 251,"20 Aug, 2020",42%,"1,031",https://store.steampowered.com/app/1147010/Frostpunk_On_The_Edge/?snr=1_7_7_230_150_6,"win,mac"
280,State of Decay 2: Juggernaut Edition,"‚Çπ 1,099","13 Mar, 2020",79%,"23,820",https://store.steampowered.com/app/495420/State_of_Decay_2_Juggernaut_Edition/?snr=1_7_7_230_150_6,win
281,GTFO,‚Çπ 759,"10 Dec, 2019",88%,"20,378",https://store.steampowered.com/app/493520/GTFO/?snr=1_7_7_230_150_6,win
282,Police Simulator: Patrol Officers,"‚Çπ 1,169","17 Jun, 2021",86%,"3,405",https://store.steampowered.com/app/997010/Police_Simulator_Patrol_Officers/?snr=1_7_7_230_150_6,win
283,Mafia: Definitive Edition,"‚Çπ 2,199","25 Sep, 2020",86%,"24,484",https://store.steampowered.com/app/1030840/Mafia_Definitive_Edition/?snr=1_7_7_230_150_6,win
284,Albion Online,Free to Play,"16 May, 2018",79%,"40,205",https://store.steampowered.com/app/761890/Albion_Online/?snr=1_7_7_230_150_6,"win,mac,linux"
285,The Jackbox Party Pack 7,‚Çπ 699,"15 Oct, 2020",97%,"2,182",https://store.steampowered.com/app/1211630/The_Jackbox_Party_Pack_7/?snr=1_7_7_230_150_6,"win,mac,linux"
286,Noita,‚Çπ 529,"15 Oct, 2020",95%,"33,326",https://store.steampowered.com/app/881100/Noita/?snr=1_7_7_230_150_6,win
287,Ghostrunner,"‚Çπ 2,099","27 Oct, 2020",91%,"25,109",https://store.steampowered.com/app/1139900/Ghostrunner/?snr=1_7_7_230_150_6,win
288,Vampire: The Masquerade - Bloodhunt,Free To Play,"7 Sep, 2021",65%,"16,518",https://store.steampowered.com/app/760160/Vampire_The_Masquerade__Bloodhunt/?snr=1_7_7_230_150_6,win
289,VRChat,Free To Play,"2 Feb, 2017",90%,"108,477",https://store.steampowered.com/app/438100/VRChat/?snr=1_7_7_230_150_6,"win,vr_supported"
290,Cuphead,‚Çπ 565,"29 Sep, 2017",96%,"70,064",https://store.steampowered.com/app/268910/Cuphead/?snr=1_7_7_230_150_6,"win,mac"
291,Sniper Ghost Warrior Contracts 2,‚Çπ 999,"5 Jun, 2021",83%,"2,965",https://store.steampowered.com/app/1338770/Sniper_Ghost_Warrior_Contracts_2/?snr=1_7_7_230_150_6,win
292,Green Hell,‚Çπ 569,"5 Sep, 2019",87%,"29,057",https://store.steampowered.com/app/815370/Green_Hell/?snr=1_7_7_230_150_6,win
293,DJMAX RESPECT V,"‚Çπ 3,199","12 Mar, 2020",88%,"13,169",https://store.steampowered.com/app/960170/DJMAX_RESPECT_V/?snr=1_7_7_230_150_6,win
294,NARAKA BLADEPOINT - Ultimate DLC,"‚Çπ 1,620","12 Aug, 2021",43%,247,https://store.steampowered.com/app/1637171/NARAKA_BLADEPOINT__Ultimate_DLC/?snr=1_7_7_230_150_6,win
295,Surviving Mars,‚Çπ 699,"15 Mar, 2018",84%,"11,836",https://store.steampowered.com/app/464920/Surviving_Mars/?snr=1_7_7_230_150_6,"win,mac,linux"
296,Draw & Guess,‚Çπ 125,"12 Mar, 2021",83%,"16,559",https://store.steampowered.com/app/1483870/Draw__Guess/?snr=1_7_7_230_150_6,"win,mac,linux"
297,Scrap Mechanic,‚Çπ 565,"20 Jan, 2016",92%,"69,646",https://store.steampowered.com/app/387990/Scrap_Mechanic/?snr=1_7_7_230_150_6,win
298,Age of Empires II: Definitive Edition - Dawn of the Dukes,‚Çπ 265,"10 Aug, 2021",81%,269,https://store.steampowered.com/app/1557210/Age_of_Empires_II_Definitive_Edition__Dawn_of_the_Dukes/?snr=1_7_7_230_150_6,win
299,Remnant: From the Ashes,"‚Çπ 1,440","20 Aug, 2019",85%,"32,826",https://store.steampowered.com/app/617290/Remnant_From_the_Ashes/?snr=1_7_7_230_150_6,win
300,They Are Billions,"‚Çπ 1,199","18 Jun, 2019",85%,"31,801",https://store.steampowered.com/app/644930/They_Are_Billions/?snr=1_7_7_230_150_7,win
301,Slime Rancher,‚Çπ 565,"1 Aug, 2017",97%,"66,166",https://store.steampowered.com/app/433340/Slime_Rancher/?snr=1_7_7_230_150_7,"win,mac,linux"
302,ROMANCE OF THE THREE KINGDOMS XIV,"‚Çπ 3,799","16 Jan, 2020",57%,"8,775",https://store.steampowered.com/app/872410/ROMANCE_OF_THE_THREE_KINGDOMS_XIV/?snr=1_7_7_230_150_7,win
303,STAR WARS Jedi: Fallen Order‚Ñ¢,"‚Çπ 2,199","15 Nov, 2019",90%,"66,671",https://store.steampowered.com/app/1172380/STAR_WARS_Jedi_Fallen_Order/?snr=1_7_7_230_150_7,win
304,Total War‚Ñ¢: ROME II - Emperor Edition,"‚Çπ 2,699","2 Sep, 2013",84%,"37,049",https://store.steampowered.com/app/214950/Total_War_ROME_II__Emperor_Edition/?snr=1_7_7_230_150_7,win
305,Marvel's Avengers,"‚Çπ 2,599","4 Sep, 2020",68%,"16,073",https://store.steampowered.com/app/997070/Marvels_Avengers/?snr=1_7_7_230_150_7,win
306,A Dance of Fire and Ice,‚Çπ 219,"25 Jan, 2019",93%,"26,664",https://store.steampowered.com/app/977950/A_Dance_of_Fire_and_Ice/?snr=1_7_7_230_150_7,"win,mac"
307,Oxygen Not Included,‚Çπ 569,"30 Jul, 2019",96%,"69,020",https://store.steampowered.com/app/457140/Oxygen_Not_Included/?snr=1_7_7_230_150_7,"win,mac,linux"
308,Gloomhaven,‚Çπ 569,"17 Jul, 2019",87%,"4,503",https://store.steampowered.com/app/780290/Gloomhaven/?snr=1_7_7_230_150_7,win
309,Far Cry¬Æ 5,"‚Çπ 2,999","27 Mar, 2018",79%,"101,073",https://store.steampowered.com/app/552520/Far_Cry_5/?snr=1_7_7_230_150_7,win
310,È¨ºË∞∑ÂÖ´Ëçí Tale of Immortal,‚Çπ 829,"27 Jan, 2021",87%,"98,884",https://store.steampowered.com/app/1468810/_Tale_of_Immortal/?snr=1_7_7_230_150_7,win
311,Jurassic World Evolution 2,"‚Çπ 2,449","09 Nov, 2021",No ,yet,https://store.steampowered.com/app/1244460/Jurassic_World_Evolution_2/?snr=1_7_7_230_150_7,win
312,Mirror, ‚Çπ 34,"19 Apr, 2018",96%,"65,933",https://store.steampowered.com/app/644560/Mirror/?snr=1_7_7_230_150_7,"win,mac"
313,OUTRIDERS,"    ‚Çπ 1,499","1 Apr, 2021",62%,"37,072",https://store.steampowered.com/app/680420/OUTRIDERS/?snr=1_7_7_230_150_7,win
314,Sid Meier‚Äôs Civilization¬Æ VI: Rise and Fall,"‚Çπ 1,249","8 Feb, 2018",58%,"2,099",https://store.steampowered.com/app/645402/Sid_Meiers_Civilization_VI_Rise_and_Fall/?snr=1_7_7_230_150_7,"win,mac,linux"
315,Kerbal Space Program,‚Çπ 849,"27 Apr, 2015",94%,"77,479",https://store.steampowered.com/app/220200/Kerbal_Space_Program/?snr=1_7_7_230_150_7,"win,mac,linux"
316,Call of Duty¬Æ: Black Ops II,"‚Çπ 3,999","12 Nov, 2012",84%,"12,281",https://store.steampowered.com/app/202970/Call_of_Duty_Black_Ops_II/?snr=1_7_7_230_150_7,win
317,Call of Duty¬Æ: Black Ops,"‚Çπ 2,500","9 Nov, 2010",89%,"9,762",https://store.steampowered.com/app/42700/Call_of_Duty_Black_Ops/?snr=1_7_7_230_150_7,win
318,The Binding of Isaac: Repentance,,"31 Mar, 2021",75%,"7,575",https://store.steampowered.com/app/1426300/The_Binding_of_Isaac_Repentance/?snr=1_7_7_230_150_7,win
319,Planet Coaster,"‚Çπ 2,970","17 Nov, 2016",90%,"40,852",https://store.steampowered.com/app/493340/Planet_Coaster/?snr=1_7_7_230_150_7,"win,mac"
320,Â∞ÅÁÅµÊ°£Ê°à,Free,"29 Mar, 2021",75%,"9,588",https://store.steampowered.com/app/1520470/_/?snr=1_7_7_230_150_7,win
321,The Ascent,"‚Çπ 2,099","29 Jul, 2021",76%,"8,793",https://store.steampowered.com/app/979690/The_Ascent/?snr=1_7_7_230_150_7,win
322,Batman‚Ñ¢: Arkham Knight,"‚Çπ 1,349","23 Jun, 2015",86%,"44,165",https://store.steampowered.com/app/208650/Batman_Arkham_Knight/?snr=1_7_7_230_150_7,win
323,NARAKA BLADEPOINT - Deluxe DLC,‚Çπ 960,"12 Aug, 2021",48%,252,https://store.steampowered.com/app/1637170/NARAKA_BLADEPOINT__Deluxe_DLC/?snr=1_7_7_230_150_7,win
324,FINAL FANTASY X/X-2 HD Remaster,  ‚Çπ 364,"12 May, 2016",90%,"10,707",https://store.steampowered.com/app/359870/FINAL_FANTASY_XX2_HD_Remaster/?snr=1_7_7_230_150_7,win
325,Euro Truck Simulator 2 - Iberia,‚Çπ 559,"8 Apr, 2021",78%,"1,338",https://store.steampowered.com/app/1209460/Euro_Truck_Simulator_2__Iberia/?snr=1_7_7_230_150_7,"win,mac,linux"
326,Pathfinder: Kingmaker - Enhanced Plus Edition,‚Çπ 529,"25 Sep, 2018",78%,"19,377",https://store.steampowered.com/app/640820/Pathfinder_Kingmaker__Enhanced_Plus_Edition/?snr=1_7_7_230_150_7,"win,mac,linux"
327,Bless Unleashed - Ultimate Founder's Pack,"‚Çπ 2,475","6 Aug, 2021",50%,569,https://store.steampowered.com/app/1663100/Bless_Unleashed__Ultimate_Founders_Pack/?snr=1_7_7_230_150_7,win
328,People Playground,‚Çπ 349,"23 Jul, 2019",98%,"61,851",https://store.steampowered.com/app/1118200/People_Playground/?snr=1_7_7_230_150_7,win
329,Resident Evil 7 Biohazard,"‚Çπ 1,999","24 Jan, 2017",94%,"34,198",https://store.steampowered.com/app/418370/Resident_Evil_7_Biohazard/?snr=1_7_7_230_150_7,win
330,Stranded Deep,‚Çπ 459,"23 Jan, 2015",76%,"29,621",https://store.steampowered.com/app/313120/Stranded_Deep/?snr=1_7_7_230_150_7,"win,mac,linux"
331,Planet Zoo: Africa Pack,  ‚Çπ 664,"22 Jun, 2021",90%,85,https://store.steampowered.com/app/1647620/Planet_Zoo_Africa_Pack/?snr=1_7_7_230_150_7,win
332,Poly Bridge 2,‚Çπ 459,"28 May, 2020",96%,"3,515",https://store.steampowered.com/app/1062160/Poly_Bridge_2/?snr=1_7_7_230_150_7,"win,mac,linux"
333,Little Nightmares II,"‚Çπ 1,199","11 Feb, 2021",95%,"11,982",https://store.steampowered.com/app/860510/Little_Nightmares_II/?snr=1_7_7_230_150_7,win
334,Northgard,‚Çπ 699,"7 Mar, 2018",88%,"30,578",https://store.steampowered.com/app/466560/Northgard/?snr=1_7_7_230_150_7,"win,mac,linux"
335,UNO,‚Çπ 499,"3 Jan, 2017",72%,"26,149",https://store.steampowered.com/app/470220/UNO/?snr=1_7_7_230_150_7,win
336,Transport Fever 2,‚Çπ 959,"11 Dec, 2019",86%,"11,530",https://store.steampowered.com/app/1066780/Transport_Fever_2/?snr=1_7_7_230_150_7,"win,mac,linux"
337,ENDER LILIES: Quietus of the Knights,‚Çπ 580,"21 Jun, 2021",95%,"10,445",https://store.steampowered.com/app/1369630/ENDER_LILIES_Quietus_of_the_Knights/?snr=1_7_7_230_150_7,win
338,Bus Simulator 21,"‚Çπ 2,049","7 Sep, 2021",64%,903,https://store.steampowered.com/app/976590/Bus_Simulator_21/?snr=1_7_7_230_150_7,win
339,OMORI,‚Çπ 529,"25 Dec, 2020",98%,"23,109",https://store.steampowered.com/app/1150690/OMORI/?snr=1_7_7_230_150_7,"win,mac"
340,Elite Dangerous,"‚Çπ 1,980","2 Apr, 2015",76%,"58,237",https://store.steampowered.com/app/359320/Elite_Dangerous/?snr=1_7_7_230_150_7,"win,vr_supported"
341,PlanetSide 2,Free to Play,"20 Nov, 2012",82%,"63,114",https://store.steampowered.com/app/218230/PlanetSide_2/?snr=1_7_7_230_150_7,win
342,Tropico 6,"‚Çπ 2,299","29 Mar, 2019",87%,"12,912",https://store.steampowered.com/app/492720/Tropico_6/?snr=1_7_7_230_150_7,"win,mac,linux"
343,The Sims‚Ñ¢ 3,"‚Çπ 1,199","27 Jan, 2011",85%,"22,554",https://store.steampowered.com/app/47890/The_Sims_3/?snr=1_7_7_230_150_7,win
344,Webbed,‚Çπ 349,"9 Sep, 2021",97%,"2,950",https://store.steampowered.com/app/1390350/Webbed/?snr=1_7_7_230_150_7,win
345,The Sims‚Ñ¢ 4 City Living,"    ‚Çπ 1,099","19 Jun, 2020",95%,46,https://store.steampowered.com/app/1235731/The_Sims_4_City_Living/?snr=1_7_7_230_150_7,win
346,Sid Meier's Civilization¬Æ V,"‚Çπ 1,499","23 Sep, 2010",96%,"109,559",https://store.steampowered.com/app/8930/Sid_Meiers_Civilization_V/?snr=1_7_7_230_150_7,"win,mac,linux"
347,The Isle,‚Çπ 565,"2 Dec, 2015",83%,"40,287",https://store.steampowered.com/app/376210/The_Isle/?snr=1_7_7_230_150_7,win
348,Phoenix Point: Year One Edition,  ‚Çπ 349,"3 Dec, 2020",70%,"2,833",https://store.steampowered.com/app/839770/Phoenix_Point_Year_One_Edition/?snr=1_7_7_230_150_7,"win,mac"
349,Lords Mobile,Free,"3 Jun, 2019",68%,"3,647",https://store.steampowered.com/app/1041320/Lords_Mobile/?snr=1_7_7_230_150_7,win
350,Stellaris: Nemesis,‚Çπ 529,"15 Apr, 2021",40%,"1,377",https://store.steampowered.com/app/1522090/Stellaris_Nemesis/?snr=1_7_7_230_150_8,"win,mac,linux"
351,Company of Heroes 2,‚Çπ 565,"25 Jun, 2013",79%,"52,555",https://store.steampowered.com/app/231430/Company_of_Heroes_2/?snr=1_7_7_230_150_8,"win,mac,linux"
352,Slay the Spire,‚Çπ 569,"23 Jan, 2019",97%,"83,617",https://store.steampowered.com/app/646570/Slay_the_Spire/?snr=1_7_7_230_150_8,"win,mac,linux"
353,Going Medieval,‚Çπ 569,"1 Jun, 2021",88%,"6,390",https://store.steampowered.com/app/1029780/Going_Medieval/?snr=1_7_7_230_150_8,win
354,F1¬Æ 2020,    ‚Çπ 324,"9 Jul, 2020",93%,"22,871",https://store.steampowered.com/app/1080110/F1_2020/?snr=1_7_7_230_150_8,win
355,Kingdom Come: Deliverance,‚Çπ 699,"13 Feb, 2018",81%,"60,987",https://store.steampowered.com/app/379430/Kingdom_Come_Deliverance/?snr=1_7_7_230_150_8,win
356,Yakuza: Like a Dragon,"‚Çπ 2,499","11 Nov, 2020",96%,"9,973",https://store.steampowered.com/app/1235140/Yakuza_Like_a_Dragon/?snr=1_7_7_230_150_8,win
357,Vagrus - The Riven Realms,"    ‚Çπ 1,019","5 Oct, 2021",85%,260,https://store.steampowered.com/app/909660/Vagrus__The_Riven_Realms/?snr=1_7_7_230_150_8,"win,mac,linux"
358,METAL GEAR SOLID V: THE PHANTOM PAIN,‚Çπ 769,"1 Sep, 2015",90%,"44,590",https://store.steampowered.com/app/287700/METAL_GEAR_SOLID_V_THE_PHANTOM_PAIN/?snr=1_7_7_230_150_8,win
359,STAR WARS‚Ñ¢ Battlefront‚Ñ¢ II,"‚Çπ 2,499","11 Jun, 2020",89%,"21,910",https://store.steampowered.com/app/1237950/STAR_WARS_Battlefront_II/?snr=1_7_7_230_150_8,win
360,Wreckfest,"‚Çπ 1,139","14 Jun, 2018",85%,"20,711",https://store.steampowered.com/app/228380/Wreckfest/?snr=1_7_7_230_150_8,win
361,Rogue Company,Free To Play,"20 Jul, 2021",72%,"9,182",https://store.steampowered.com/app/872200/Rogue_Company/?snr=1_7_7_230_150_8,win
362,Titanfall¬Æ 2,"‚Çπ 1,499","19 Jun, 2020",95%,"75,116",https://store.steampowered.com/app/1237970/Titanfall_2/?snr=1_7_7_230_150_8,win
363,Sniper Elite 4,"‚Çπ 1,179","14 Feb, 2017",90%,"28,935",https://store.steampowered.com/app/312660/Sniper_Elite_4/?snr=1_7_7_230_150_8,win
364,FINAL FANTASY XII THE ZODIAC AGE,"    ‚Çπ 1,449","1 Feb, 2018",89%,"4,358",https://store.steampowered.com/app/595520/FINAL_FANTASY_XII_THE_ZODIAC_AGE/?snr=1_7_7_230_150_8,win
365,Dead by Daylight - Resident Evil Chapter,‚Çπ 399,"15 Jun, 2021",81%,"1,357",https://store.steampowered.com/app/1634040/Dead_by_Daylight__Resident_Evil_Chapter/?snr=1_7_7_230_150_8,win
366,Impostor Factory,‚Çπ 349,"30 Sep, 2021",96%,"3,446",https://store.steampowered.com/app/1182620/Impostor_Factory/?snr=1_7_7_230_150_8,"win,mac,linux"
367,The Jackbox Party Pack 8,  ‚Çπ 629,,No ,yet,https://store.steampowered.com/app/1552350/The_Jackbox_Party_Pack_8/?snr=1_7_7_230_150_8,"win,mac,linux"
368,Destiny 2: Season of the Lost Silver Bundle,"‚Çπ 1,200","24 Aug, 2021",93%,122,https://store.steampowered.com/app/1656380/Destiny_2_Season_of_the_Lost_Silver_Bundle/?snr=1_7_7_230_150_8,win
369,BioShock Infinite,"‚Çπ 1,499","26 Mar, 2013",95%,"86,681",https://store.steampowered.com/app/8870/BioShock_Infinite/?snr=1_7_7_230_150_8,"win,mac,linux"
370,Planet Zoo: Aquatic Pack,  ‚Çπ 625,"8 Dec, 2020",80%,216,https://store.steampowered.com/app/1471590/Planet_Zoo_Aquatic_Pack/?snr=1_7_7_230_150_8,win
371,War Planet Online: Global Conquest,Free To Play,"19 Dec, 2017",61%,561,https://store.steampowered.com/app/719640/War_Planet_Online_Global_Conquest/?snr=1_7_7_230_150_8,win
372,Warface,Free To Play,"1 Jul, 2014",68%,"71,910",https://store.steampowered.com/app/291480/Warface/?snr=1_7_7_230_150_8,win
373,ULTRAKILL,‚Çπ 529,"3 Sep, 2020",99%,"13,388",https://store.steampowered.com/app/1229490/ULTRAKILL/?snr=1_7_7_230_150_8,win
374,Legendary Tales,"‚Çπ 2,400","9 Sep, 2021",83%,489,https://store.steampowered.com/app/1465070/Legendary_Tales/?snr=1_7_7_230_150_8,win
375,Mortal Shell,‚Çπ 800,"18 Aug, 2021",75%,"1,519",https://store.steampowered.com/app/1110910/Mortal_Shell/?snr=1_7_7_230_150_8,win
376,Persona 4 Golden,"‚Çπ 1,039","13 Jun, 2020",97%,"44,029",https://store.steampowered.com/app/1113000/Persona_4_Golden/?snr=1_7_7_230_150_8,win
377,Halo Infinite,,"Dec 8, 2021",No ,yet,https://store.steampowered.com/app/1240440/Halo_Infinite/?snr=1_7_7_230_150_8,win
378,Stick Fight: The Game,‚Çπ 259,"28 Sep, 2017",93%,"66,268",https://store.steampowered.com/app/674940/Stick_Fight_The_Game/?snr=1_7_7_230_150_8,"win,mac"
379,Super Mecha Champions,Free To Play,"25 Mar, 2021",70%,"4,317",https://store.steampowered.com/app/1368910/Super_Mecha_Champions/?snr=1_7_7_230_150_8,win
380,The Crew‚Ñ¢ 2,"‚Çπ 2,499","29 Jun, 2018",82%,"43,685",https://store.steampowered.com/app/646910/The_Crew_2/?snr=1_7_7_230_150_8,win
381,BRAVELY DEFAULT II,"‚Çπ 2,999","2 Sep, 2021",88%,381,https://store.steampowered.com/app/1446650/BRAVELY_DEFAULT_II/?snr=1_7_7_230_150_8,win
382,Tales of Arise - SAO Collaboration Pack,"‚Çπ 1,049","7 Oct, 2021",55%,67,https://store.steampowered.com/app/1202061/Tales_of_Arise__SAO_Collaboration_Pack/?snr=1_7_7_230_150_8,win
383,Golf It!,‚Çπ 359,"17 Feb, 2017",88%,"12,485",https://store.steampowered.com/app/571740/Golf_It/?snr=1_7_7_230_150_8,"win,mac,vr_supported"
384,PC Building Simulator,‚Çπ 529,"29 Jan, 2019",94%,"30,702",https://store.steampowered.com/app/621060/PC_Building_Simulator/?snr=1_7_7_230_150_8,win
385,King's Bounty II,"‚Çπ 1,299","24 Aug, 2021",61%,"2,821",https://store.steampowered.com/app/1135300/Kings_Bounty_II/?snr=1_7_7_230_150_8,win
386,Carrier Command 2,"‚Çπ 1,099","10 Aug, 2021",77%,"1,121",https://store.steampowered.com/app/1489630/Carrier_Command_2/?snr=1_7_7_230_150_8,"win,mac"
387,The Sims‚Ñ¢ 4 Get To Work,"    ‚Çπ 1,099","19 Jun, 2020",69%,39,https://store.steampowered.com/app/1235734/The_Sims_4_Get_To_Work/?snr=1_7_7_230_150_8,win
388,Foundation,‚Çπ 699,"1 Feb, 2019",86%,"8,738",https://store.steampowered.com/app/690830/Foundation/?snr=1_7_7_230_150_8,win
389,STORY OF SEASONS: Pioneers of Olive Town,‚Çπ 899,"15 Sep, 2021",87%,264,https://store.steampowered.com/app/1392960/STORY_OF_SEASONS_Pioneers_of_Olive_Town/?snr=1_7_7_230_150_8,win
390,Game of Thrones Winter is Coming,Free To Play,"14 Nov, 2019",61%,"1,511",https://store.steampowered.com/app/1105420/Game_of_Thrones_Winter_is_Coming/?snr=1_7_7_230_150_8,win
391,Lawn Mowing Simulator,"‚Çπ 2,099","10 Aug, 2021",77%,706,https://store.steampowered.com/app/1480560/Lawn_Mowing_Simulator/?snr=1_7_7_230_150_8,win
392,Assassin's Creed¬Æ Origins,"‚Çπ 2,999","27 Oct, 2017",85%,"64,322",https://store.steampowered.com/app/582160/Assassins_Creed_Origins/?snr=1_7_7_230_150_8,win
393,Dishonored 2,"‚Çπ 1,399","11 Nov, 2016",87%,"26,492",https://store.steampowered.com/app/403640/Dishonored_2/?snr=1_7_7_230_150_8,win
394,Street Fighter V,"‚Çπ 1,499","16 Feb, 2016",67%,"20,279",https://store.steampowered.com/app/310950/Street_Fighter_V/?snr=1_7_7_230_150_8,win
395,Maneater,‚Çπ 899,"25 May, 2021",89%,"4,535",https://store.steampowered.com/app/629820/Maneater/?snr=1_7_7_230_150_8,win
396,Ultimate Chicken Horse,‚Çπ 459,"4 Mar, 2016",96%,"18,649",https://store.steampowered.com/app/386940/Ultimate_Chicken_Horse/?snr=1_7_7_230_150_8,"win,mac,linux"
397,The Elder Scrolls V: Skyrim VR,"‚Çπ 2,999","3 Apr, 2018",75%,"5,200",https://store.steampowered.com/app/611670/The_Elder_Scrolls_V_Skyrim_VR/?snr=1_7_7_230_150_8,win
398,Labyrinthine,‚Çπ 349,"29 Oct, 2020",88%,"3,885",https://store.steampowered.com/app/1302240/Labyrinthine/?snr=1_7_7_230_150_8,win
399,Apex Legends‚Ñ¢ - Octane Edition,"‚Çπ 1,499","5 Nov, 2020",88%,289,https://store.steampowered.com/app/1311098/Apex_Legends__Octane_Edition/?snr=1_7_7_230_150_8,win
400,Myst,‚Çπ 699,"26 Aug, 2021",90%,510,https://store.steampowered.com/app/1255560/Myst/?snr=1_7_7_230_150_9,"win,mac,vr_supported"
401,Idle Champions of the Forgotten Realms,Free to Play,"25 Mar, 2020",81%,"8,834",https://store.steampowered.com/app/627690/Idle_Champions_of_the_Forgotten_Realms/?snr=1_7_7_230_150_9,"win,mac"
402,DOOM,"‚Çπ 1,599","12 May, 2016",95%,"101,176",https://store.steampowered.com/app/379720/DOOM/?snr=1_7_7_230_150_9,win
403,Neverwinter,Free to Play,"6 Dec, 2013",77%,"33,009",https://store.steampowered.com/app/109600/Neverwinter/?snr=1_7_7_230_150_9,win
404,Ghost Hunters Corp,‚Çπ 499,"16 Jul, 2021",75%,"2,844",https://store.steampowered.com/app/1618540/Ghost_Hunters_Corp/?snr=1_7_7_230_150_9,win
405,Moonlighter,  ‚Çπ 158,"29 May, 2018",83%,"8,643",https://store.steampowered.com/app/606150/Moonlighter/?snr=1_7_7_230_150_9,"win,mac,linux"
406,NBA 2K21,"‚Çπ 3,299","3 Sep, 2020",41%,"26,944",https://store.steampowered.com/app/1225330/NBA_2K21/?snr=1_7_7_230_150_9,win
407,Sable,‚Çπ 569,"23 Sep, 2021",81%,575,https://store.steampowered.com/app/757310/Sable/?snr=1_7_7_230_150_9,win
408,Journey To The Savage Planet,    ‚Çπ 839,"28 Jan, 2021",86%,"2,651",https://store.steampowered.com/app/973810/Journey_To_The_Savage_Planet/?snr=1_7_7_230_150_9,win
409,Wizard101,Free To Play,"7 Sep, 2018",79%,"3,731",https://store.steampowered.com/app/799960/Wizard101/?snr=1_7_7_230_150_9,win
410,Castlevania Advance Collection,‚Çπ 550,"24 Sep, 2021",95%,323,https://store.steampowered.com/app/1552550/Castlevania_Advance_Collection/?snr=1_7_7_230_150_9,win
411,The Elder Scrolls IV: Oblivion¬Æ Game of the Year Edition Deluxe,‚Çπ 619,"16 Jun, 2009",95%,"26,142",https://store.steampowered.com/app/900883/The_Elder_Scrolls_IV_Oblivion_Game_of_the_Year_Edition_Deluxe/?snr=1_7_7_230_150_9,win
412,Total War: WARHAMMER II - The Silence & The Fury,‚Çπ 369,"14 Jul, 2021",79%,764,https://store.steampowered.com/app/1556110/Total_War_WARHAMMER_II__The_Silence__The_Fury/?snr=1_7_7_230_150_9,"win,mac,linux"
413,Cooking Simulator VR,  ‚Çπ 455,"29 Jul, 2021",89%,379,https://store.steampowered.com/app/1358140/Cooking_Simulator_VR/?snr=1_7_7_230_150_9,win
414,EARTH DEFENSE FORCE 5,"‚Çπ 1,299","11 Jul, 2019",94%,"4,718",https://store.steampowered.com/app/1007040/EARTH_DEFENSE_FORCE_5/?snr=1_7_7_230_150_9,win
415,PGA TOUR 2K21,"‚Çπ 2,999","21 Aug, 2020",83%,"3,570",https://store.steampowered.com/app/1016120/PGA_TOUR_2K21/?snr=1_7_7_230_150_9,win
416,World of Tanks,Free To Play,"29 Apr, 2021",64%,"10,413",https://store.steampowered.com/app/1407200/World_of_Tanks/?snr=1_7_7_230_150_9,win
417,FATAL FRAME / PROJECT ZERO: Maiden of Black Water,‚Çπ 899,"28 Oct, 2021",No ,yet,https://store.steampowered.com/app/1732190/FATAL_FRAME__PROJECT_ZERO_Maiden_of_Black_Water/?snr=1_7_7_230_150_9,win
418,CODE VEIN,"‚Çπ 2,999","27 Sep, 2019",87%,"26,170",https://store.steampowered.com/app/678960/CODE_VEIN/?snr=1_7_7_230_150_9,win
419,Fishing Planet,Free to Play,"28 Aug, 2017",83%,"30,745",https://store.steampowered.com/app/380600/Fishing_Planet/?snr=1_7_7_230_150_9,"win,mac,linux"
420,The Elder Scrolls IV: Oblivion¬Æ Game of the Year Edition,‚Çπ 565,"16 Jun, 2009",95%,"26,147",https://store.steampowered.com/app/22330/The_Elder_Scrolls_IV_Oblivion_Game_of_the_Year_Edition/?snr=1_7_7_230_150_9,win
421,The Jackbox Party Pack 3,‚Çπ 619,"18 Oct, 2016",96%,"3,218",https://store.steampowered.com/app/434170/The_Jackbox_Party_Pack_3/?snr=1_7_7_230_150_9,"win,mac,linux"
422,Battlefield Bundle,    ‚Çπ 642,,78%,"124,536",https://store.steampowered.com/bundle/15295/Battlefield_Bundle/?snr=1_7_7_230_150_9,win
423,KovaaK 2.0,‚Çπ 349,"3 Apr, 2018",92%,"18,963",https://store.steampowered.com/app/824270/KovaaK_20/?snr=1_7_7_230_150_9,win
424,Ranch Simulator,‚Çπ 569,"4 Mar, 2021",84%,"4,470",https://store.steampowered.com/app/1119730/Ranch_Simulator/?snr=1_7_7_230_150_9,win
425,Black Book,  ‚Çπ 455,"10 Aug, 2021",94%,"1,454",https://store.steampowered.com/app/1138660/Black_Book/?snr=1_7_7_230_150_9,win
426,Black Mesa,‚Çπ 529,"6 Mar, 2020",95%,"65,084",https://store.steampowered.com/app/362890/Black_Mesa/?snr=1_7_7_230_150_9,"win,linux"
427,Jurassic World Evolution,"‚Çπ 2,855","12 Jun, 2018",85%,"40,321",https://store.steampowered.com/app/648350/Jurassic_World_Evolution/?snr=1_7_7_230_150_9,win
428,Kingdoms Reborn,‚Çπ 529,Nov 2020,90%,"2,919",https://store.steampowered.com/app/1307890/Kingdoms_Reborn/?snr=1_7_7_230_150_9,win
429,EA SPORTS‚Ñ¢ FIFA 21,"‚Çπ 2,999","9 Oct, 2020",75%,"37,652",https://store.steampowered.com/app/1313860/EA_SPORTS_FIFA_21/?snr=1_7_7_230_150_9,win
430,March of Empires,Free To Play,"11 Dec, 2017",66%,"1,036",https://store.steampowered.com/app/702320/March_of_Empires/?snr=1_7_7_230_150_9,win
431,Trove,,"9 Jul, 2015",80%,"83,212",https://store.steampowered.com/app/304050/Trove/?snr=1_7_7_230_150_9,win
432,Thief Simulator,  ‚Çπ 158,"9 Nov, 2018",86%,"12,919",https://store.steampowered.com/app/704850/Thief_Simulator/?snr=1_7_7_230_150_9,"win,mac"
433,Dark Deception,Free,"27 Sep, 2018",89%,"8,553",https://store.steampowered.com/app/332950/Dark_Deception/?snr=1_7_7_230_150_9,win
434,For The King,‚Çπ 529,"19 Apr, 2018",88%,"15,900",https://store.steampowered.com/app/527230/For_The_King/?snr=1_7_7_230_150_9,"win,mac,linux"
435,Craftopia,‚Çπ 569,"4 Sep, 2020",82%,"11,444",https://store.steampowered.com/app/1307550/Craftopia/?snr=1_7_7_230_150_9,win
436,Car Mechanic Simulator 2021 - Nissan DLC,  ‚Çπ 179,"11 Aug, 2021",86%,65,https://store.steampowered.com/app/1685720/Car_Mechanic_Simulator_2021__Nissan_DLC/?snr=1_7_7_230_150_9,win
437,Chernobylite,‚Çπ 699,"28 Jul, 2021",81%,"5,458",https://store.steampowered.com/app/1016800/Chernobylite/?snr=1_7_7_230_150_9,win
438,Rogue Lords,  ‚Çπ 719,"30 Sep, 2021",68%,621,https://store.steampowered.com/app/1069690/Rogue_Lords/?snr=1_7_7_230_150_9,win
439,The Lord of the Rings Online‚Ñ¢,,"6 Jun, 2012",81%,"13,864",https://store.steampowered.com/app/212500/The_Lord_of_the_Rings_Online/?snr=1_7_7_230_150_9,win
440,The Escapists 2,‚Çπ 565,"22 Aug, 2017",90%,"16,095",https://store.steampowered.com/app/641990/The_Escapists_2/?snr=1_7_7_230_150_9,"win,mac,linux"
441,The Great Ace Attorney Chronicles,"‚Çπ 2,339","27 Jul, 2021",96%,"1,080",https://store.steampowered.com/app/1158850/The_Great_Ace_Attorney_Chronicles/?snr=1_7_7_230_150_9,win
442,ACE COMBAT‚Ñ¢ 7: SKIES UNKNOWN,"‚Çπ 2,499","1 Feb, 2019",85%,"17,146",https://store.steampowered.com/app/502500/ACE_COMBAT_7_SKIES_UNKNOWN/?snr=1_7_7_230_150_9,win
443,Cooking Simulator,‚Çπ 529,"6 Jun, 2019",83%,"10,098",https://store.steampowered.com/app/641320/Cooking_Simulator/?snr=1_7_7_230_150_9,win
444,Planet Zoo: Southeast Asia Animal Pack,  ‚Çπ 625,"30 Mar, 2021",87%,119,https://store.steampowered.com/app/1567110/Planet_Zoo_Southeast_Asia_Animal_Pack/?snr=1_7_7_230_150_9,win
445,Plants vs. Zombies GOTY Edition,‚Çπ 259,"5 May, 2009",96%,"56,867",https://store.steampowered.com/app/3590/Plants_vs_Zombies_GOTY_Edition/?snr=1_7_7_230_150_9,"win,mac"
446,Russian Fishing 4,Free To Play,"15 Jun, 2018",75%,"19,467",https://store.steampowered.com/app/766570/Russian_Fishing_4/?snr=1_7_7_230_150_9,win
447,Dead by Daylight - Killer Expansion Pack,‚Çπ 999,"15 Jun, 2021",89%,57,https://store.steampowered.com/app/1622940/Dead_by_Daylight__Killer_Expansion_Pack/?snr=1_7_7_230_150_9,win
448,Patron,‚Çπ 529,"10 Aug, 2021",77%,864,https://store.steampowered.com/app/1538570/Patron/?snr=1_7_7_230_150_9,win
449,Injustice‚Ñ¢ 2,"‚Çπ 2,750","1 Dec, 2017",84%,"7,989",https://store.steampowered.com/app/627270/Injustice_2/?snr=1_7_7_230_150_9,win
450,Eternal Return,Free To Play,"14 Oct, 2020",83%,"34,982",https://store.steampowered.com/app/1049590/Eternal_Return/?snr=1_7_7_230_150_10,win
451,Eco,‚Çπ 699,"6 Feb, 2018",82%,"6,740",https://store.steampowered.com/app/382310/Eco/?snr=1_7_7_230_150_10,win
452,SPORE‚Ñ¢,‚Çπ 999,"19 Dec, 2008",91%,"34,977",https://store.steampowered.com/app/17390/SPORE/?snr=1_7_7_230_150_10,win
453,DiRT Rally 2.0,‚Çπ 569,"26 Feb, 2019",85%,"16,845",https://store.steampowered.com/app/690790/DiRT_Rally_20/?snr=1_7_7_230_150_10,"win,vr_supported"
454,Arma 3 Creator DLC: S.O.G. Prairie Fire,  ‚Çπ 679,"6 May, 2021",81%,"1,352",https://store.steampowered.com/app/1227700/Arma_3_Creator_DLC_SOG_Prairie_Fire/?snr=1_7_7_230_150_10,win
455,Grand Theft Auto V: Premium Edition,"‚Çπ 1,978",,83%,"1,091,526",https://store.steampowered.com/bundle/5699/Grand_Theft_Auto_V_Premium_Edition/?snr=1_7_7_230_150_10,win
456,Pacify,‚Çπ 199,"23 Feb, 2019",88%,"21,032",https://store.steampowered.com/app/967050/Pacify/?snr=1_7_7_230_150_10,"win,mac"
457,Spiritfarer¬Æ,‚Çπ 699,"18 Aug, 2020",95%,"11,824",https://store.steampowered.com/app/972660/Spiritfarer/?snr=1_7_7_230_150_10,"win,mac,linux"
458,Governor of Poker 3,Free to Play,"19 Feb, 2016",71%,"8,243",https://store.steampowered.com/app/436150/Governor_of_Poker_3/?snr=1_7_7_230_150_10,"win,mac"
459,GWENT: The Witcher Card Game,Free To Play,"19 May, 2020",88%,"19,658",https://store.steampowered.com/app/1284410/GWENT_The_Witcher_Card_Game/?snr=1_7_7_230_150_10,win
460,Persona¬Æ 5 Strikers,"‚Çπ 3,499","23 Feb, 2021",93%,"6,024",https://store.steampowered.com/app/1382330/Persona_5_Strikers/?snr=1_7_7_230_150_10,win
461,Destiny 2: Shadowkeep,‚Çπ 569,"1 Oct, 2019",36%,"3,339",https://store.steampowered.com/app/1090200/Destiny_2_Shadowkeep/?snr=1_7_7_230_150_10,win
462,MX Bikes,‚Çπ 759,"8 Oct, 2019",94%,"3,154",https://store.steampowered.com/app/655500/MX_Bikes/?snr=1_7_7_230_150_10,win
463,Tails of Iron,‚Çπ 699,"17 Sep, 2021",90%,"1,748",https://store.steampowered.com/app/1283410/Tails_of_Iron/?snr=1_7_7_230_150_10,win
464,FINAL FANTASY IV,‚Çπ 850,"8 Sep, 2021",83%,683,https://store.steampowered.com/app/1173800/FINAL_FANTASY_IV/?snr=1_7_7_230_150_10,win
465,Car Mechanic Simulator 2021 - Electric Car DLC,  ‚Çπ 179,"11 Aug, 2021",95%,40,https://store.steampowered.com/app/1685721/Car_Mechanic_Simulator_2021__Electric_Car_DLC/?snr=1_7_7_230_150_10,win
466,Townscaper,‚Çπ 219,"27 Aug, 2021",97%,"10,811",https://store.steampowered.com/app/1291340/Townscaper/?snr=1_7_7_230_150_10,"win,mac"
467,Untitled Goose Game,‚Çπ 529,"23 Sep, 2020",95%,"6,813",https://store.steampowered.com/app/837470/Untitled_Goose_Game/?snr=1_7_7_230_150_10,"win,mac"
468,The Long Dark,‚Çπ 759,"1 Aug, 2017",91%,"72,137",https://store.steampowered.com/app/305620/The_Long_Dark/?snr=1_7_7_230_150_10,"win,mac,linux"
469,Grand Theft Auto IV: Complete Edition,,,74%,"76,033",https://store.steampowered.com/app/901583/Grand_Theft_Auto_IV_Complete_Edition/?snr=1_7_7_230_150_10,win
470,Encased: A Sci-Fi Post-Apocalyptic RPG,‚Çπ 699,"7 Sep, 2021",80%,"2,146",https://store.steampowered.com/app/921800/Encased_A_SciFi_PostApocalyptic_RPG/?snr=1_7_7_230_150_10,win
471,Brawlhalla - Battle Pass Season 4,‚Çπ 499,"11 Aug, 2021",92%,114,https://store.steampowered.com/app/1691670/Brawlhalla__Battle_Pass_Season_4/?snr=1_7_7_230_150_10,"win,mac"
472,Idol Manager,‚Çπ 529,"27 Jul, 2021",88%,"1,515",https://store.steampowered.com/app/821880/Idol_Manager/?snr=1_7_7_230_150_10,"win,mac,linux"
473,Total War: ROME REMASTERED,"‚Çπ 1,699","29 Apr, 2021",70%,"6,011",https://store.steampowered.com/app/885970/Total_War_ROME_REMASTERED/?snr=1_7_7_230_150_10,"win,mac,linux"
474,Left 4 Dead,‚Çπ 349,"18 Nov, 2008",95%,"29,003",https://store.steampowered.com/app/500/Left_4_Dead/?snr=1_7_7_230_150_10,"win,mac"
475,Tricky Towers,‚Çπ 479,"2 Aug, 2016",90%,"7,672",https://store.steampowered.com/app/437920/Tricky_Towers/?snr=1_7_7_230_150_10,"win,mac,linux"
476,Shakes and Fidget,Free to Play,"25 Feb, 2016",93%,"22,183",https://store.steampowered.com/app/438040/Shakes_and_Fidget/?snr=1_7_7_230_150_10,"win,mac"
477,Total War: SHOGUN 2,"‚Çπ 1,349","15 Mar, 2011",91%,"24,482",https://store.steampowered.com/app/201270/Total_War_SHOGUN_2/?snr=1_7_7_230_150_10,"win,mac,linux"
478,Skul: The Hero Slayer,‚Çπ 529,"21 Jan, 2021",93%,"22,215",https://store.steampowered.com/app/1147560/Skul_The_Hero_Slayer/?snr=1_7_7_230_150_10,"win,mac,linux"
479,Two Point Hospital,"‚Çπ 1,199","30 Aug, 2018",92%,"18,901",https://store.steampowered.com/app/535930/Two_Point_Hospital/?snr=1_7_7_230_150_10,"win,mac,linux"
480,Command & Conquer‚Ñ¢ Remastered Collection,‚Çπ 999,"5 Jun, 2020",91%,"20,331",https://store.steampowered.com/app/1213210/Command__Conquer_Remastered_Collection/?snr=1_7_7_230_150_10,win
481,Skater XL - The Ultimate Skateboarding Game,  ‚Çπ 719,"28 Jul, 2020",86%,"14,068",https://store.steampowered.com/app/962730/Skater_XL__The_Ultimate_Skateboarding_Game/?snr=1_7_7_230_150_10,win
482,Pathfinder: Wrath of the Righteous - Commander Pack,"‚Çπ 1,000","2 Sep, 2021",58%,12,https://store.steampowered.com/app/1694800/Pathfinder_Wrath_of_the_Righteous__Commander_Pack/?snr=1_7_7_230_150_10,"win,mac"
483,Wobbly Life,‚Çπ 399,"9 Jul, 2020",97%,"3,109",https://store.steampowered.com/app/1211020/Wobbly_Life/?snr=1_7_7_230_150_10,win
484,Rocksmith¬Æ 2014 Edition - Remastered,"‚Çπ 1,499","4 Oct, 2016",91%,"9,785",https://store.steampowered.com/app/221680/Rocksmith_2014_Edition__Remastered/?snr=1_7_7_230_150_10,"win,mac"
485,Grand Theft Auto IV: The Complete Edition,‚Çπ 999,"24 Mar, 2020",74%,"76,042",https://store.steampowered.com/app/12210/Grand_Theft_Auto_IV_The_Complete_Edition/?snr=1_7_7_230_150_10,win
486,Library Of Ruina,‚Çπ 699,"11 Aug, 2021",91%,"9,142",https://store.steampowered.com/app/1256670/Library_Of_Ruina/?snr=1_7_7_230_150_10,win
487,I Am Fish,‚Çπ 529,"16 Sep, 2021",73%,293,https://store.steampowered.com/app/1472560/I_Am_Fish/?snr=1_7_7_230_150_10,win
488,Dead by Daylight - Hellraiser Chapter,‚Çπ 199,"7 Sep, 2021",41%,"1,109",https://store.steampowered.com/app/1734080/Dead_by_Daylight__Hellraiser_Chapter/?snr=1_7_7_230_150_10,win
489,Age of Mythology: Extended Edition,‚Çπ 729,"8 May, 2014",91%,"20,334",https://store.steampowered.com/app/266840/Age_of_Mythology_Extended_Edition/?snr=1_7_7_230_150_10,win
490,Wargame: Red Dragon,"‚Çπ 1,499","17 Apr, 2014",88%,"11,553",https://store.steampowered.com/app/251060/Wargame_Red_Dragon/?snr=1_7_7_230_150_10,"win,mac,linux"
491,Car Mechanic Simulator 2018,  ‚Çπ 186,"28 Jul, 2017",90%,"36,710",https://store.steampowered.com/app/645630/Car_Mechanic_Simulator_2018/?snr=1_7_7_230_150_10,"win,mac"
492,House Party,‚Çπ 569,"30 Jun, 2017",88%,"9,280",https://store.steampowered.com/app/611790/House_Party/?snr=1_7_7_230_150_10,win
493,Kenshi,‚Çπ 699,"6 Dec, 2018",94%,"41,218",https://store.steampowered.com/app/233860/Kenshi/?snr=1_7_7_230_150_10,win
494,"Honey, I Joined a Cult",‚Çπ 529,"14 Sep, 2021",81%,359,https://store.steampowered.com/app/841190/Honey_I_Joined_a_Cult/?snr=1_7_7_230_150_10,win
495,The Forgotten City,‚Çπ 569,"28 Jul, 2021",96%,"2,560",https://store.steampowered.com/app/874260/The_Forgotten_City/?snr=1_7_7_230_150_10,win
496,Atelier Ryza: Ever Darkness & the Secret Hideout,"‚Çπ 1,299","29 Oct, 2019",86%,"4,601",https://store.steampowered.com/app/1121560/Atelier_Ryza_Ever_Darkness__the_Secret_Hideout/?snr=1_7_7_230_150_10,win
497,X4: Foundations,"‚Çπ 1,999","30 Nov, 2018",74%,"9,796",https://store.steampowered.com/app/392160/X4_Foundations/?snr=1_7_7_230_150_10,"win,linux"
498,Zombie Army 4: Dead War,"‚Çπ 1,099","18 Feb, 2021",83%,"2,151",https://store.steampowered.com/app/694280/Zombie_Army_4_Dead_War/?snr=1_7_7_230_150_10,win
499,WRC 10 FIA World Rally Championship,"‚Çπ 1,299","2 Sep, 2021",71%,313,https://store.steampowered.com/app/1462810/WRC_10_FIA_World_Rally_Championship/?snr=1_7_7_230_150_10,win
500,The Jackbox Party Pack 6,‚Çπ 699,"17 Oct, 2019",95%,"1,552",https://store.steampowered.com/app/1005300/The_Jackbox_Party_Pack_6/?snr=1_7_7_230_150_11,"win,mac,linux"
501,eFootball PES 2021 SEASON UPDATE,‚Çπ 800,"15 Sep, 2020",73%,"29,985",https://store.steampowered.com/app/1259970/eFootball_PES_2021_SEASON_UPDATE/?snr=1_7_7_230_150_11,win
502,The Sims‚Ñ¢ 4 Get Famous,"    ‚Çπ 1,099","19 Jun, 2020",80%,25,https://store.steampowered.com/app/1235720/The_Sims_4_Get_Famous/?snr=1_7_7_230_150_11,win
503,HighFleet,‚Çπ 699,"27 Jul, 2021",86%,"2,254",https://store.steampowered.com/app/1434950/HighFleet/?snr=1_7_7_230_150_11,win
504,CHRONO TRIGGER¬Æ,  ‚Çπ 449,"27 Feb, 2018",86%,"4,426",https://store.steampowered.com/app/613830/CHRONO_TRIGGER/?snr=1_7_7_230_150_11,win
505,3DMark,‚Çπ 699,"13 Feb, 2013",92%,"7,967",https://store.steampowered.com/app/223850/3DMark/?snr=1_7_7_230_150_11,win
506,The Binding of Isaac: Afterbirth,‚Çπ 379,"30 Oct, 2015",93%,"6,609",https://store.steampowered.com/app/401920/The_Binding_of_Isaac_Afterbirth/?snr=1_7_7_230_150_11,"win,mac,linux"
507,Geometry Dash,‚Çπ 165,"23 Dec, 2014",94%,"141,476",https://store.steampowered.com/app/322170/Geometry_Dash/?snr=1_7_7_230_150_11,"win,mac"
508,Ori and the Will of the Wisps,‚Çπ 699,"11 Mar, 2020",96%,"66,876",https://store.steampowered.com/app/1057090/Ori_and_the_Will_of_the_Wisps/?snr=1_7_7_230_150_11,win
509,Friday the 13th: The Game,‚Çπ 459,"26 May, 2017",78%,"51,067",https://store.steampowered.com/app/438740/Friday_the_13th_The_Game/?snr=1_7_7_230_150_11,win
510,A Way Out,"‚Çπ 1,499","19 Jun, 2020",87%,"13,228",https://store.steampowered.com/app/1222700/A_Way_Out/?snr=1_7_7_230_150_11,win
511,Getting Over It with Bennett Foddy,‚Çπ 299,"7 Dec, 2017",83%,"35,303",https://store.steampowered.com/app/240720/Getting_Over_It_with_Bennett_Foddy/?snr=1_7_7_230_150_11,"win,mac,linux"
512,Drug Dealer Simulator,  ‚Çπ 317,"16 Apr, 2020",87%,"9,028",https://store.steampowered.com/app/682990/Drug_Dealer_Simulator/?snr=1_7_7_230_150_11,win
513,Breathedge,  ‚Çπ 381,"25 Feb, 2021",85%,"9,366",https://store.steampowered.com/app/738520/Breathedge/?snr=1_7_7_230_150_11,win
514,Euro Truck Simulator 2 - Volvo Construction Equipment,‚Çπ 259,"23 Sep, 2021",85%,177,https://store.steampowered.com/app/1704460/Euro_Truck_Simulator_2__Volvo_Construction_Equipment/?snr=1_7_7_230_150_11,"win,mac,linux"
515,Project Hospital,‚Çπ 569,"30 Oct, 2018",87%,"4,284",https://store.steampowered.com/app/868360/Project_Hospital/?snr=1_7_7_230_150_11,"win,mac,linux"
516,Heroes & Generals,Free to Play,"18 Oct, 2016",67%,"134,580",https://store.steampowered.com/app/227940/Heroes__Generals/?snr=1_7_7_230_150_11,win
517,Aragami 2,‚Çπ 759,"17 Sep, 2021",69%,"1,047",https://store.steampowered.com/app/1158370/Aragami_2/?snr=1_7_7_230_150_11,win
518,Amazing Cultivation Simulator,‚Çπ 989,"25 Nov, 2020",87%,"14,007",https://store.steampowered.com/app/955900/Amazing_Cultivation_Simulator/?snr=1_7_7_230_150_11,win
519,Universe Sandbox,‚Çπ 699,"25 Aug, 2015",95%,"13,016",https://store.steampowered.com/app/230290/Universe_Sandbox/?snr=1_7_7_230_150_11,"win,mac,linux,vr_supported"
520,RAILROADS Online!,"‚Çπ 2,646","1 Oct, 2021",75%,158,https://store.steampowered.com/app/1696810/RAILROADS_Online/?snr=1_7_7_230_150_11,win
521,Tormented Souls,‚Çπ 529,"27 Aug, 2021",95%,"1,439",https://store.steampowered.com/app/1367590/Tormented_Souls/?snr=1_7_7_230_150_11,win
522,A Total War Saga: TROY - Mythos,"‚Çπ 1,125","2 Sep, 2021",56%,41,https://store.steampowered.com/app/1553061/A_Total_War_Saga_TROY__Mythos/?snr=1_7_7_230_150_11,"win,mac"
523,Call of Duty¬Æ: Modern Warfare¬Æ 2,"‚Çπ 1,300","12 Nov, 2009",92%,"21,501",https://store.steampowered.com/app/10180/Call_of_Duty_Modern_Warfare_2/?snr=1_7_7_230_150_11,"win,mac"
524,Stellaris: Federations,‚Çπ 529,"17 Mar, 2020",72%,805,https://store.steampowered.com/app/1140001/Stellaris_Federations/?snr=1_7_7_230_150_11,"win,mac,linux"
525,"Warhammer 40,000: Battlesector",‚Çπ 899,"22 Jul, 2021",91%,"1,374",https://store.steampowered.com/app/1295500/Warhammer_40000_Battlesector/?snr=1_7_7_230_150_11,win
526,Atelier Ryza 2: Lost Legends & the Secret Fairy,"‚Çπ 1,299","26 Jan, 2021",91%,"1,261",https://store.steampowered.com/app/1257290/Atelier_Ryza_2_Lost_Legends__the_Secret_Fairy/?snr=1_7_7_230_150_11,win
527,Grim Dawn - Ashes of Malmouth Expansion,‚Çπ 499,"11 Oct, 2017",90%,"1,222",https://store.steampowered.com/app/642280/Grim_Dawn__Ashes_of_Malmouth_Expansion/?snr=1_7_7_230_150_11,win
528,Blade of Darkness,  ‚Çπ 367,"7 Oct, 2021",96%,305,https://store.steampowered.com/app/1710170/Blade_of_Darkness/?snr=1_7_7_230_150_11,win
529,Lost in Random‚Ñ¢,"‚Çπ 1,799","10 Sep, 2021",91%,406,https://store.steampowered.com/app/1462570/Lost_in_Random/?snr=1_7_7_230_150_11,win
530,MELTY BLOOD ARCHIVES,‚Çπ 400,"30 Sep, 2021",84%,33,https://store.steampowered.com/app/1590580/MELTY_BLOOD_ARCHIVES/?snr=1_7_7_230_150_11,win
531,ARK: Aberration - Expansion Pack,,"12 Dec, 2017",77%,"2,879",https://store.steampowered.com/app/708770/ARK_Aberration__Expansion_Pack/?snr=1_7_7_230_150_11,"win,mac,linux"
532,Lake,‚Çπ 529,"1 Sep, 2021",82%,769,https://store.steampowered.com/app/1118240/Lake/?snr=1_7_7_230_150_11,win
533,This War of Mine: Complete Edition,  ‚Çπ 165,,94%,"62,395",https://store.steampowered.com/bundle/9717/This_War_of_Mine_Complete_Edition/?snr=1_7_7_230_150_11,"win,mac,linux"
534,Rust - Voice Props Pack,‚Çπ 419,"1 Jul, 2021",74%,631,https://store.steampowered.com/app/1670430/Rust__Voice_Props_Pack/?snr=1_7_7_230_150_11,"win,mac"
535,Assassin's Creed¬Æ Unity,"‚Çπ 1,499","13 Nov, 2014",72%,"34,831",https://store.steampowered.com/app/289650/Assassins_Creed_Unity/?snr=1_7_7_230_150_11,win
536,Destroy All Humans!,"‚Çπ 1,139","28 Jul, 2020",94%,"5,806",https://store.steampowered.com/app/803330/Destroy_All_Humans/?snr=1_7_7_230_150_11,win
537,Rivals of Aether,‚Çπ 699,"28 Mar, 2017",95%,"17,634",https://store.steampowered.com/app/383980/Rivals_of_Aether/?snr=1_7_7_230_150_11,win
538,Iron Harvest,‚Çπ 699,"1 Sep, 2020",73%,"5,871",https://store.steampowered.com/app/826630/Iron_Harvest/?snr=1_7_7_230_150_11,win
539,Actraiser Renaissance,"‚Çπ 1,500","24 Sep, 2021",77%,269,https://store.steampowered.com/app/1393370/Actraiser_Renaissance/?snr=1_7_7_230_150_11,win
540,TaleSpire,‚Çπ 569,"15 Apr, 2021",94%,"1,133",https://store.steampowered.com/app/720620/TaleSpire/?snr=1_7_7_230_150_11,win
541,ARK: Scorched Earth - Expansion Pack,,"1 Sep, 2016",77%,"4,083",https://store.steampowered.com/app/512540/ARK_Scorched_Earth__Expansion_Pack/?snr=1_7_7_230_150_11,"win,mac,linux"
542,Indivisible,    ‚Çπ 624,"8 Oct, 2019",74%,"1,618",https://store.steampowered.com/app/421170/Indivisible/?snr=1_7_7_230_150_11,"win,mac,linux"
543,Grim Dawn - Forgotten Gods Expansion,‚Çπ 479,"27 Mar, 2019",86%,869,https://store.steampowered.com/app/897670/Grim_Dawn__Forgotten_Gods_Expansion/?snr=1_7_7_230_150_11,win
544,ARK: Extinction - Expansion Pack,,"7 Nov, 2018",68%,"2,274",https://store.steampowered.com/app/887380/ARK_Extinction__Expansion_Pack/?snr=1_7_7_230_150_11,"win,mac,linux"
545,MechWarrior 5: Mercenaries - Legend of the Kestrel Lancers,‚Çπ 529,"23 Sep, 2021",63%,106,https://store.steampowered.com/app/1705820/MechWarrior_5_Mercenaries__Legend_of_the_Kestrel_Lancers/?snr=1_7_7_230_150_11,win
546,Tree of Savior (English Ver.),Free to Play,"28 Mar, 2016",64%,"19,283",https://store.steampowered.com/app/372000/Tree_of_Savior_English_Ver/?snr=1_7_7_230_150_11,win
547,Bum Simulator,‚Çπ 499,"26 Aug, 2021",90%,841,https://store.steampowered.com/app/855740/Bum_Simulator/?snr=1_7_7_230_150_11,win
548,Dying Light 2 Stay Human,"‚Çπ 2,999","4 Feb, 2022",No ,yet,https://store.steampowered.com/app/534380/Dying_Light_2_Stay_Human/?snr=1_7_7_230_150_11,win
549,Don't Starve,‚Çπ 349,,96%,"75,746",https://store.steampowered.com/app/219740/Dont_Starve/?snr=1_7_7_230_150_11,"win,mac,linux"
